Session_ID,Voilation_Type,Type,Start_Time,End_Time,Sure,,,,,,,ML_Feedback
2574203,UPD,Headphones,0,27.02,Y,,,,,,,
2574203,BM,Person,1.33,1.47,Y,,,,,,,
2574203,BM,Person,11.28,11.41,Y,,,,,,,
2574203,BM,Person,11.43,11.49,Y,,,,,,,
2574203,BM,Person,12.54,13.09,Y,,,,,,,
2574203,BM,Person,15.55,16.05,Y,,,,,,,
2574203,BM,Person,16.32,16.42,Y,,,,,,,
2574203,FSLA,,0.18,0.22,Y,,,,,,,
2574203,SEM,,1.43,1.48,Y,,,,,,,
2574203,SEM,,4.17,4.22,Y,,,,,,,
2574203,SEM,,5.24,5.42,Y,,,,,,,
2574203,SEM,,5.53,5.56,Y,,,,,,,
2574203,SEM,,6.01,6.05,Y,,,,,,,
2574203,SEM,,8.23,8.26,Y,,,,,,,
2574203,SEM,,11.34,11.51,Y,,,,,,,
2574203,SEM,,12.05,12.25,Y,,,,,,,
2574203,SEM,,12.37,13.18,Y,,,,,,,
2574203,SEM,,13.31,13.46,Y,,,,,,,
2574203,SEM,,14.36,14.49,Y,,,,,,,
2574203,SEM,,15.55,15.58,Y,,,,,,,
2574203,SEM,,16.16,16.26,Y,,,,,,,
2574203,SEM,,16.43,16.53,Y,,,,,,,
2574203,SEM,,17.13,17.31,Y,,,,,,,
2574203,SEM,,17.33,17.41,Y,,,,,,,
2574203,SEM,,17.45,17.58,Y,,,,,,,
2574203,SEM,,18.05,18.19,Y,,,,,,,
2574203,SEM,,18.21,18.28,Y,,,,,,,
2574203,SEM,,18.45,19.24,Y,,,,,,,
2574203,SEM,,21.45,22.28,Y,,,,,,,
2574203,SEM,,27.06,27.48,Y,,,,,,,
,,,,,,,,,,,,
2574324,UPD,Cellphone,0.52,0.55,Y,FSLA-N,,,,,,
2574324,UPD,Cellphone,1.39,1.47,Y,,,,,,,
,,,,,,,,,,,,
2573678,BM,Person,3.25,3.30,Y,FSLA-Re,,,,,,
2573678,BM,Person,3.35,3.44,Y,,,,,,,
2573678,LS,,49.56,50.26,Y,,,,,,,
2573678,left screen,,50.26,50.30,Y,,,,,,,
2573678,LS,,55.30,55.53,Y,,,,,,,
,,,,,,,,,,,,
2573666,BM,Person,3.27,3.30,Y,,,,,,,
2573666,BM,Person,4.38,4.41,Y,,,,,,,
2573666,BM,Person,5.30,5.34,Y,,,,,,,
2573666,BM,Person,5.40,5.49,Y,,,,,,,
2573666,BM,Person,5.54,5.57,Y,,,,,,,
2573666,BM,Person,6,6.03,Y,,,,,,,
2573666,BM,Person,6.3,6.36,Y,,,,,,,
2573666,BM,Person,7.41,7.46,Y,,,,,,,
2573666,BM,Person,7.57,8.34,Y,,,,,,,
2573666,BM,Person,9.08,9.24,Y,,,,,,,
2573666,BM,Person,10.05,10.13,Y,,,,,,,
2573666,BM,Person,10.27,10.54,Y,,,,,,,
2573666,BM,Person,11,11.05,Y,,,,,,,
2573666,BM,Person,11.12,11.30,Y,,,,,,,
2573666,BM,Person,12.20,12.40,Y,,,,,,,
2573666,BM,Person,12.45,12.59,Y,,,,,,,
2573666,BM,Person,13.04,13.18,Y,,,,,,,
2573666,BM,Person,13.58,14.25,Y,,,,,,,
2573666,BM,Person,14.32,14.42,Y,,,,,,,
2573666,BM,Person,14.48,14.53,Y,,,,,,,
2573666,BM,Person,14.58,15.07,Y,,,,,,,
2573666,BM,Person,15.16,15.37,Y,,,,,,,
2573666,BM,Person,15.48,15.58,Y,,,,,,,
2573666,BM,Person,16.32,17.05,Y,,,,,,,
2573666,FSLA,,11.23,11.27,Y,,,,,,,
,,,,,,,,,,,,
2573468,BM,Person,4.35,5.08,Y,,,,,,,
2573468,BM,Person,6.01,6.07,Y,,,,,,,
2573468,BM,Person,6.12,6.18,Y,,,,,,,
2573468,FSLA,,0.46,0.53,Y,,,,,,,
,,,,,,,,,,,,
2573209,UPD,Cellphone,0,0.59,Y,FSLA-N,,,,,,
,,,,,,,,,,,,
2571769,BM,Person,0.06,0.10,Y,,,,,,,
2571769,BM,Person,5.16,5.19,Y,,,,,,,
2571769,BM,Person,5.56,5.59,Y,,,,,,,
2571769,BM,Person,7.17,7.25,Y,,,,,,,
2571769,BM,Person,8.32,8.41,Y,,,,,,,
2571769,BM,Person,10.37,10.42,Y,,,,,,,
2571769,BM,Person,11.46,11.49,Y,,,,,,,
2571769,BM,Person,17.53,17.55,Y,,,,,,,
2571769,BM,Person,18.32,18.36,Y,,,,,,,
2571769,BM,Person,18.56,19.02,Y,,,,,,,
2571769,BM,Person,21.02,21.11,Y,,,,,,,
2571769,BM,Person,21.19,21.22,Y,,,,,,,
2571769,BM,Person,24.26,25.16,Y,,,,,,,
2571769,BM,Person,25.25,27.34,Y,,,,,,,
2571769,BM,Person,27.44,28.28,Y,,,,,,,
2571769,BM,Person,28.58,29.06,Y,,,,,,,
2571769,BM,Person,29.09,30.09,Y,,,,,,,
2571769,MP,,29.24,29.49,Y,,,,,,,
2571769,MP,,30.10,30.29,Y,,,,,,,
2571769,BM,Person,30.10,30.38,Y,,,,,,,
2571769,BM,Person,30.54,31.01,Y,,,,,,,
2571769,BM,Person,31.28,31.32,Y,,,,,,,
2571769,BM,Person,31.54,32,Y,,,,,,,
2571769,BM,Person,32.25,32.30,Y,,,,,,,
2571769,BM,Person,32.59,33.05,Y,,,,,,,
2571769,BM,Person,33.39,33.45,Y,,,,,,,
2571769,BM,Person,34.04,34.54,Y,,,,,,,
2571769,BM,Person,35.28,35.52,Y,,,,,,,
2571769,BM,Person,36.09,36.21,Y,,,,,,,
2571769,BM,Person,36.33,36.39,Y,,,,,,,
2571769,BM,Person,36.49,36.51,Y,,,,,,,
2571769,BM,Person,38.25,38.28,Y,,,,,,,
2571769,BM,Person,39.13,41.04,Y,,,,,,,
2571769,FSLA,,21.19,21.22,Y,,,,,,,
2571769,FSLA,,27.14,27.3,Y,,,,,,,
2571769,FSLA,,28.58,30.35,Y,,,,,,,
2571769,FSLA,,30.44,30.48,Y,,,,,,,
2571769,FSLA,,30.5,30.58,Y,,,,,,,
2571769,FSLA,,31.5,31.59,Y,,,,,,,
2571769,FSLA,,33.1,33.14,Y,,,,,,,
,,,,,,,,,,,,
2575123,LS,,1.36,1.58,Y,,,,,,,
2575123,FSLA,,0.12,0.35,Y,,,,,,,
2575123,FSLA,,0.44,0.49,Y,,,,,,,
2575123,FSLA,,1,1.11,Y,,,,,,,
2575123,FSLA,,1.32,1.36,Y,,,,,,,
2575123,FSLA,,2.09,2.31,Y,,,,,,,
2575123,FSLA,,2.58,3.23,Y,,,,,,,
2575123,FSLA,,4.25,4.37,Y,,,,,,,
2575123,FSLA,,4.45,4.58,Y,,,,,,,
2575123,UPD,Calculator,6.14,6.16,Y,,,,,,,
2575123,FSLA,,6.24,6.42,Y,,,,,,,
2575123,FSLA,,6.46,6.51,Y,,,,,,,
,,,,,,,,,,,,
2602597,MP,,0.34,0.36,Y,-,,,,,,
2602597,MP,,0.51,1.53,Y,,,,,,,
2602597,BM,Person,1.54,2,Y,,,,,,,
2602597,UPD,Headphones,1.57,2.07,Y,,,,,,,
2602597,MP,,2.08,2.11,Y,,,,,,,
2602597,MP,,2.15,2.23,Y,,,,,,,
2602597,BM,Person,2.24,2.48,Y,,,,,,,
2602597,UPD,Headphones,2.27,2.52,Y,,,,,,,
2602597,MP,,2.38,2.46,Y,,,,,,,
2602597,MP,,2.57,3.09,Y,,,,,,,
2602597,UPD,Headphones,3.08,11.37,Y,,,,,,,
2602597,MP,,8.32,8.58,Y,,,,,,,
2602597,UPD,Headphones,11.44,11.52,Y,,,,,,,
2602597,LS,,11.53,11.59,Y,,,,,,,
2602597,UPD,Headphones,12.01,15.26,Y,,,,,,,
2602597,LS,,15.26,15.34,Y,Correction 21/06/2020,,,,,,
2602597,UPD,Headphones,15.34,18.31,Y,,,,,Ty,,
2602597,UPD,Headphones,18.35,19.15,Y,,,,30,,,
2602597,UPD,Headphones,19.36,21.37,Y,,,,,,,
2602597,UPD,Telephone,23.09,25.52,N,Receving call from telephone,,,,,,
2602597,BM,Person,27.21,27.23,Y,,,,,,,
2602597,MP,,27.24,27.35,Y,,,,,,,
2602597,BM,Person,27.36,27.4,Y,,,,,,,
2602597,LS,,29.31,29.41,Y,Correction 21/06/2020,,,,,,
2602597,LS,,29.45,33.18,Y,,,,,,,
2602597,Imposter,,33.19,33.27,Y,,,,,,,
2602597,LS,,33.28,34.35,Y,,,,,,,
2602597,Imposter,,34.36,34.4,Y,,,,,,,
2602597,LS,,34.41,38.07,Y,,,,,,,
2602597,BM,Person,38.49,39.23,Y,,,,,,,
2602597,LS,,39.26,39.39,Y,Correction 21/06/2020,,,,,,
2602597,LS,,39.54,40.01,Y,Correction 21/06/2020,,,,,,
2602597,UPD,Telephone,40.04,40.08,N,Receving call from telephone,,,,,,
2602597,FSLA,,1.07,1.18,Y,,,,,,,
2602597,FSLA,,2.06,2.27,Y,,,,,,,
2602597,FSLA,,4.29,4.41,Y,,,,,,,
2602597,FSLA,,10.59,11.04,Y,,,,,,,
2602597,FSLA,,11.36,11.42,Y,,,,,,,
2602597,FSLA,,14.07,14.1,Y,,,,,,,
2602597,SEM,,17.37,17.41,Y,,,,,,,
2602597,FSLA,,18.25,18.35,Y,,,,,,,
2602597,FSLA,,22.16,22.23,Y,,,,,,,
2602597,FSLA,,22.56,22.59,Y,,,,,,,
2602597,FSLA,,28.26,29.08,Y,,,,,,,
2602597,FSLA,,29.24,29.44,Y,,,,,,,
2602597,FSLA,,38.2,40.13,Y,,,,,,,
,,,,,,,,,,,,
2603060,LS,,0.46,1.04,Y,Corrections done,,,,,,
2603060,LS,,1.13,1.37,Y,,,,,,,
2603060,LS,,1.58,2.02,Y,,,,,,,
2603060,LS,,5.34,6.27,Y,,,,,,,
2603060,LS,,6.30,6.41,Y,Correction 21/06/2020,,,,,,
2603060,LS,,6.58,7.07,Y,,,,,,,
2603060,LS,,7.27,7.39,Y,,,,,,,
2603060,LS,,7.44,7.47,Y,,,,,,,
2603060,Imposter,,8.07,8.09,Y,,,,,,,
2603060,LS,,8.25,9.29,Y,,,,,,,
2603060,Imposter,,9.46,9.49,Y,,,,,,,
2603060,Imposter,,10.07,10.11,Y,,,,,,,
2603060,LS,,10.12,10.18,Y,,,,,,,
2603060,LS,,10.23,10.30,Y,,,,,,,
2603060,LS,,10.31,11.09,Y,,,,,,,
2603060,left screen,,11.10,11.20,Y,,,,,,,
2603060,FSLA,,7.48,8.24,Y,,,,,,,
2603060,FSLA,,9.52,10.01,Y,,,,,,,
2603060,FSLA,,10.19,10.23,Y,,,,,,,
,,,,,,,,,,,,
2603014,LS,,0.06,0.15,Y,,,,,,,
2603014,LS,,0.18,0.25,Y,,,,,,,
2603014,LS,,0.3,0.33,Y,,,,,,,
2603014,LS,,0.35,0.39,Y,,,,,,,
2603014,UPD,Headphones,1.24,40.33,Y,,,,,,,
2603014,LS,,40.34,41.17,Y,,,,,,,
2603014,FSLA,,1.19,1.22,Y,,,,,,,
2603014,FSLA,,4.48,4.52,Y,,,,,,,
2603014,FSLA,,7.46,8.05,Y,,,,,,,
2603014,FSLA,,8.49,8.55,Y,,,,,,,
2603014,SEM,,9.14,9.19,Y,,,,,,,
2603014,FSLA,,9.28,9.32,Y,,,,,,,
2603014,FSLA,,10.5,10.59,Y,,,,,,,
2603014,FSLA,,12.02,12.06,Y,,,,,,,
2603014,FSLA,,20.12,20.18,Y,,,,,,,
2603014,FSLA,,20.35,20.39,Y,,,,,,,
2603014,FSLA,,22.1,22.14,Y,,,,,,,
2603014,FSLA,,22.46,22.53,Y,,,,,,,
2603014,FSLA,,23.22,23.3,Y,,,,,,,
2603014,SEM,,28.12,28.16,Y,,,,,,,
2603014,FSLA,,29.44,29.49,Y,,,,,,,
2603014,FSLA,,30.03,30.06,Y,,,,,,,
,,,,,,,,,,,,
2604540,LS,,0.07,0.12,Y,,,,,,,
2604540,UPD,Headphones,1.41,17.46,Y,,,,,,,
2604540,FSLA,,1.51,1.55,Y,,,,,,,
2604540,FSLA,,6.56,7.02,Y,,,,,,,
2604540,SEM,,8.23,8.28,Y,,,,,,,
2604540,FSLA,,17.03,17.06,Y,,,,,,,
,,,,,,,,,,,,
2593937,UPD,Cellphone,3.35,3.39,Y,,,,,,,
2593937,BM,Person,4.43,5.15,Y,,,,,,,
2593937,LS,,5.22,5.33,Y,Changes 20/06/2020,,,,,,
2593937,LS,,5.38,5.54,Y,Changes 20/06/2020,,,,,,
2593937,LS,,6.27,6.3,Y,Changes 20/06/2020,,,,,,
2593937,LS,,7.04,8.06,Y,Changes 20/06/2020,,,,,,
2593937,LS,,9.5,10,Y,Changes 20/06/2020,,,,,,
2593937,BM,Person,14.28,14.31,Y,,,,,,,
2593937,BM,Person,18.36,18.49,Y,,,,,,,
2593937,BM,Person,20.06,20.19,Y,,,,,,,
2593937,LS,,22.04,22.34,Y,Changes 20/06/2020,,,,,,
2593937,BM,Person,27.16,31.44,Y,,,,,,,
2593937,BM,Person,32.54,32.56,Y,,,,,,,
2593937,FSLA,,0.21,0.26,Y,,,,,,,
2593937,FSLA,,0.49,1.15,Y,,,,,,,
2593937,FSLA,,1.18,1.33,Y,,,,,,,
2593937,FSLA,,1.39,3.21,Y,,,,,,,
2593937,FSLA,,3.4,28.11,Y,long,,,,,,
2593937,FSLA,,33.42,33.5,Y,,,,,,,
,,,,,,,,,,,,
2601175,LS,,0.11,0.19,Y,Not detected,,,,,,
2601175,LS,,37.15,37.28,Y,Not detected,,,,,,
2601175,LS,,52.33,53.37,Y,Not detected,,,,,,
2601175,FSLA,,40.27,40.32,Y,,,,,,,
2601175,FSLA,,41.46,42.03,Y,,,,,,,
,,,,,,,,,,,,
2601468,UPD,Headphones,0,54.12,Y,,,,,,,
2601468,FSLA,,0.29,0.36,Y,,,,,,,
,,,,,,,,,,,,
2618424,LS,,79.15,79.2,Y,FSLA-Re,,,,,,
2618424,LS,,80.08,80.12,Y,,,,,,,
2618424,LS,,80.31,80.39,Y,,,,,,,
2618424,LS,,80.44,80.55,Y,,,,,,,
2618424,LS,,81.01,81.08,Y,,,,,,,
2618424,LS,,81.27,81.38,Y,,,,,,,
2618424,LS,,86.28,86.33,Y,,,,,,,
2618424,LS,,96.26,96.47,Y,,,,,,,
2618424,LS,,100.47,100.5,Y,,,,,,,
,,,,,,,,,,,,
2619480,UPD,Headphones,0,26.25,Y,FSLA-Re,,,,,,
2619480,LS,,26.31,32.1,Y,,,,,,,
2619480,UPD,Headphones,33.46,38.21,Y,,,,,,,
2619480,LS,,38.26,42.27,Y,,,,,,,
2619480,LS,,43.28,44.1,Y,,,,,,,
2619480,LS,,47.54,48.04,Y,Corrections 21/06/2020,,,,,,
,,,,,,,,,,,,
2618757,LS,,0.03,0.12,Y,,,,,,,
2618757,LS,,12.28,12.47,Y,Corrections 21/06/2020,,,,,,
2618757,LS,,21.23,21.29,Y,Corrections 21/06/2021,,,,,,
2618757,LS,,22.3,22.45,Y,Corrections 21/06/2022,,,,,,
2618757,LS,,25.03,25.07,Y,Corrections 21/06/2023,,,,,,
2618757,LS,,25.41,26.01,Y,,,,,,,
2618757,LS,,29.41,29.51,Y,,,,,,,
2618757,LS,,29.54,29.57,Y,,,,,,,
2618757,LS,,30.31,30.36,Y,,,,,,,
2618757,left screen,,0.44,0.56,FNVBAS,,,,,,,
2618757,FSLA,,4.39,4.42,Y,,,,,,,
2618757,FSLA,,8.13,8.16,Y,,,,,,,
2618757,FSLA,,10.56,11.05,Y,,,,,,,
2618757,FSLA,,11.14,11.27,Y,,,,,,,
2618757,FSLA,,11.32,11.35,Y,,,,,,,
2618757,FSLA,,11.41,11.5,Y,,,,,,,
2618757,FSLA,,13.07,13.15,Y,,,,,,,
2618757,FSLA,,13.27,13.33,Y,,,,,,,
2618757,FSLA,,13.49,13.52,Y,,,,,,,
2618757,FSLA,,14.1,14.15,Y,,,,,,,
2618757,FSLA,,14.17,14.37,Y,,,,,,,
2618757,FSLA,,14.54,15.02,Y,,,,,,,
2618757,FSLA,,15.17,15.33,Y,,,,,,,
2618757,FSLA,,16.56,17,Y,,,,,,,
2618757,FSLA,,17.14,17.48,Y,,,,,,,
2618757,FSLA,,17.59,18.19,Y,,,,,,,
2618757,FSLA,,18.54,19.19,Y,,,,,,,
2618757,FSLA,,20.29,20.42,Y,,,,,,,
2618757,FSLA,,21.2,21.3,Y,,,,,,,
2618757,FSLA,,22.3,22.45,Y,,,,,,,
2618757,FSLA,,22.56,22.58,Y,,,,,,,
2618757,FSLA,,29.17,29.21,Y,,,,,,,
2618757,FSLA,,30.39,30.49,Y,,,,,,,
2618757,FSLA,,31.15,31.2,Y,,,,,,,
,,,,,,,,,,,,
2618768,LS,,0.27,0.31,Y,,,,,,,
2618768,LS,,0.32,0.34,Y,,,,,,,
2618768,LS,,0.38,0.42,Y,,,,,,,
2618768,LS,,0.43,0.48,Y,,,,,,,
2618768,LS,,1.21,1.25,Y,,,,,,,
2618768,LS,,1.29,1.33,Y, Correction 21/06/2020,,,,,,
2618768,LS,,1.36,1.47,Y,,,,,,,
2618768,LS,,1.49,1.55,Y,,,,,,,
2618768,LS,,78.29,79.28,Y,,,,,,,
2618768,FSLA,,3,3.04,Y,,,,,,,
2618768,FSLA,,3.21,3.49,Y,,,,,,,
2618768,FSLA,,4.32,4.47,Y,,,,,,,
2618768,FSLA,,4.49,4.54,Y,,,,,,,
2618768,FSLA,,5.03,5.13,Y,,,,,,,
2618768,FSLA,,5.23,5.26,Y,,,,,,,
2618768,FSLA,,27.13,27.26,Y,,,,,,,
2618768,FSLA,,28.58,29.03,Y,,,,,,,
2618768,FSLA,,29.36,29.5,Y,,,,,,,
2618768,FSLA,,33.45,33.52,Y,,,,,,,
2618768,FSLA,,33.55,34.19,Y,,,,,,,
2618768,FSLA,,34.37,34.44,Y,,,,,,,
2618768,FSLA,,34.56,36.13,Y,,,,,,,
2618768,FSLA,,36.53,37,Y,,,,,,,
2618768,FSLA,,37.04,37.13,Y,,,,,,,
2618768,FSLA,,37.19,37.37,Y,,,,,,,
2618768,FSLA,,37.39,38,Y,,,,,,,
2618768,FSLA,,38.26,38.39,Y,,,,,,,
2618768,FSLA,,38.5,39.15,Y,,,,,,,
2618768,FSLA,,39.19,39.59,Y,,,,,,,
2618768,FSLA,,40.06,42.17,Y,,,,,,,
2618768,FSLA,,43.25,43.36,Y,,,,,,,
2618768,FSLA,,43.41,43.5,Y,,,,,,,
2618768,FSLA,,44.05,44.14,Y,,,,,,,
2618768,FSLA,,45.04,45.08,Y,,,,,,,
2618768,FSLA,,50.35,50.5,Y,,,,,,,
2618768,FSLA,,51.23,51.5,Y,,,,,,,
2618768,FSLA,,52.03,52.16,Y,,,,,,,
2618768,FSLA,,52.21,52.25,Y,,,,,,,
2618768,FSLA,,62.43,62.52,Y,,,,,,,
2618768,FSLA,,70.51,71.25,Y,,,,,,,
2618768,FSLA,,71.33,71.49,Y,,,,,,,
2618768,FSLA,,72.02,72.08,Y,,,,,,,
2618768,FSLA,,72.15,72.34,Y,,,,,,,
2618768,FSLA,,72.41,73.19,Y,,,,,,,
2618768,FSLA,,74.24,74.4,Y,,,,,,,
,,,,,,,,,,,,
2618915,UPD,Headphones,0,51.33,Y,long,FSLA-Re,,,,,
2618915,LS,,0.07,0.42,Y,,,,,,,
2618915,LS,,51.34,52.42,Y,,,,,,,
2618915,LS,,92.41,93.28,Y,,,,,,,
2618915,LS,,93.56,94.21,Y,Corrections 21/06/2020,,,,,,
,,,,,,,,,,,,
2618973,BM,Person,15.22,15.26,Y,,,,,,,
2618973,FSLA,,2.41,2.51,Y,,,,,,,
2618973,FSLA,,9.09,9.22,Y,,,,,,,
2618973,FSLA,,15.23,15.38,Y,,,,,,,
,,,,,,,,,,,,
2619126,BM,Person,4.36,4.37,Y,,,,,,,
2619126,FSLA,,4.32,4.38,Y,,,,,,,
2619126,SEM,,8.38,8.42,Y,,,,,,,
2619126,FSLA,,12.37,12.4,Y,,,,,,,
2619126,SEM,,23.08,23.11,Y,,,,,,,
,,,,,,,,,,,,
2620153,BM,Person,0.41,0.45,Y,,,,,,,
2620153,FSLA,,18.02,18.04,Y,,,,,,,
2620153,FSLA,,18.37,18.41,Y,,,,,,,
2620153,FSLA,,19.47,20.22,Y,,,,,,,
2620153,FSLA,,20.47,20.53,Y,,,,,,,
2620153,FSLA,,22.01,22.04,Y,,,,,,,
2620153,FSLA,,22.16,22.2,Y,,,,,,,
2620153,FSLA,,22.23,22.27,Y,,,,,,,
2620153,FSLA,,25.04,25.09,Y,,,,,,,
2620153,FSLA,,25.14,26.47,Y,,,,,,,
2620153,FSLA,,26.59,27.2,Y,,,,,,,
2620153,FSLA,,27.31,28.01,Y,,,,,,,
2620153,FSLA,,28.09,28.16,Y,,,,,,,
2620153,FSLA,,28.21,29.07,Y,,,,,,,
2620153,FSLA,,29.17,29.23,Y,,,,,,,
2620153,FSLA,,29.26,29.34,Y,,,,,,,
2620153,FSLA,,29.45,30.28,Y,,,,,,,
2620153,FSLA,,30.5,31.18,Y,,,,,,,
2620153,FSLA,,31.23,31.3,Y,,,,,,,
2620153,FSLA,,31.33,31.42,Y,,,,,,,
2620153,FSLA,,32.56,33.07,Y,,,,,,,
2620153,FSLA,,34.11,34.26,Y,,,,,,,
2620153,FSLA,,37.5,38,Y,,,,,,,
,,,,,,,,,,,,
2619869,BM,Person,7.49,7.53,Y,FSLA-N,,,,,,
2619869,MP,,7.54,7.56,Y,,,,,,,
2619869,BM,Person,7.56,8.09,Y,,,,,,,
2619869,BM,Person,15.13,15.16,Y,,,,,,,
2619869,MP,,15.17,15.27,Y,,,,,,,
2619869,BM,Person,15.28,15.39,Y,,,,,,,
,,,,,,,,,,,,
2620429,BM,Person,0.25,0.29,Y,--,,,,,,
2620429,MP,,12.55,12.58,Y,,,,,,,
2620429,MP,,12.59,13.13,Y,,,,,,,
2620429,BM,Person,19.36,19.55,Y,,,,,,,
2620429,BM,Person,20.07,20.56,Y,,,,,,,
2620429,BM,Person,21.19,21.5,Y,,,,,,,
2620429,BM,Person,23.42,24.07,Y,,,,,,,
2620429,BM,Person,24.19,24.23,Y,,,,,,,
2620429,BM,Person,24.53,25.14,Y,,,,,,,
2620429,BM,Person,25.2,25.22,Y,,,,,,,
2620429,BM,Person,29.21,29.23,Y,,,,,,,
2620429,BM,Person,29.3,29.33,Y,,,,,,,
2620429,BM,Person,30.12,30.43,Y,,,,,,,
2620429,FSLA,,6.05,6.49,Y,,,,,,,
2620429,FSLA,,10.31,10.35,Y,,,,,,,
2620429,FSLA,,18.06,18.1,Y,,,,,,,
2620429,FSLA,,18.27,18.39,Y,,,,,,,
2620429,FSLA,,18.42,18.48,Y,,,,,,,
2620429,FSLA,,18.5,20.21,Y,,,,,,,
2620429,FSLA,,20.23,20.44,Y,,,,,,,
2620429,FSLA,,21.09,21.12,Y,,,,,,,
2620429,FSLA,,21.14,21.18,Y,,,,,,,
2620429,FSLA,,21.38,21.45,Y,,,,,,,
2620429,FSLA,,21.57,22.08,Y,,,,,,,
2620429,FSLA,,22.29,23.03,Y,,,,,,,
2620429,FSLA,,23.52,24.01,Y,,,,,,,
2620429,FSLA,,26.51,27.52,Y,,,,,,,
2620429,FSLA,,29.06,29.25,Y,,,,,,,
2620429,FSLA,,30.05,30.09,Y,,,,,,,
2620429,FSLA,,30.27,30.34,Y,,,,,,,
2620429,FSLA,,31.59,32.15,Y,,,,,,,
2620429,FSLA,,32.39,34.02,Y,,,,,,,
2620429,FSLA,,34.15,34.43,Y,,,,,,,
2620429,FSLA,,34.54,34.58,Y,,,,,,,
,,,,,,,,,,,,
2622932,BM,Person,4.36,4.45,Y,,,,,,,
2622932,MP,,5.4,5.43,Y,,,,,,,
2622932,UPD,Cellphone,5.41,6.43,Y,,,,,,,
2622932,UPD,Headphones,6.44,17.06,Y,,,,,,,
2622932,BM,Person,13.18,14.33,Y,,,,,,,
2622932,BM,Person,14.37,14.44,Y,,,,,,,
2622932,UPD,Cellphone,15.13,15.32,Y,,,,,,,
2622932,FSLA,,5.34,5.4,Y,,,,,,,
2622932,FSLA,,6.43,7.03,Y,,,,,,,
2622932,FSLA,,7.13,7.17,Y,,,,,,,
2622932,FSLA,,7.24,7.28,Y,,,,,,,
2622932,FSLA,,8.1,8.15,Y,,,,,,,
2622932,FSLA,,8.56,9.13,Y,,,,,,,
2622932,FSLA,,9.36,9.39,Y,,,,,,,
2622932,FSLA,,9.48,9.58,Y,,,,,,,
2622932,FSLA,,10.16,10.21,Y,,,,,,,
2622932,FSLA,,10.33,10.5,Y,,,,,,,
2622932,FSLA,,11.05,11.21,Y,,,,,,,
2622932,FSLA,,12.14,12.28,Y,,,,,,,
2622932,FSLA,,12.31,12.56,Y,,,,,,,
2622932,FSLA,,13.29,13.33,Y,,,,,,,
2622932,FSLA,,14.26,14.38,Y,,,,,,,
2622932,FSLA,,16.28,16.32,Y,,,,,,,
,,,,,,,,,,,,
2547436,LS,,0.45,0.58,Y,,,,,,,
2547436,BM,Person,19.26,19.38,Y,,,,,,,
2547436,MP,,19.38,19.4,Y,,,,,,,
2547436,BM,Person,19.41,19.55,Y,,,,,,,
2547436,FSLA,,19.28,20.1,Y,,,,,,,
2547436,FSLA,,26.01,26.04,Y,,,,,,,
,,,,,,,,,,,,
2546972,MP,,22.5,22.53,Y,,,,,,,
2546972,FSLA,,4.06,4.21,Y,,,,,,,
2546972,SEM,,10.39,11.14,Y,,,,,,,
2546972,FSLA,,18.36,19.17,Y,,,,,,,
2546972,FSLA,,22.49,22.53,Y,,,,,,,
,,,,,,,,,,,,
2625051,BM,Person,0,89.04,N,long,FSLA-Re,,,,,
2625051,MP,,0.44,0.47,N,,,,,,,
2625051,LS,,58.54,59.59,N,,,,,,,
2625051,LS,,60.02,60.26,N,,,,,,,
2625051,LS,,60.39,60.49,N,,,,,,,
2625051,LS,,60.5,61.12,N,,,,,,,
2625051,LS,,61.15,61.32,N,,,,,,,
2625051,LS,,61.33,61.55,N,,,,,,,
2625051,LS,,62.16,62.2,N,,,,,,,
2625051,LS,,62.26,62.46,N,,,,,,,
2625051,LS,,62.58,63.55,N,student is present but face is not visible,,,,,,
2625051,LS,,63.55,64.01,N,,,,,,,
2625051,LS,,64.08,64.19,N,,,,,,,
2625051,LS,,64.2,64.32,N,student is present but face is not visible,,,,,,
2625051,LS,,64.33,64.47,N,,,,,,,
2625051,LS,,79.27,80.03,N,student is present but face is not visible,,,,,,
,,,,,,,,,,,,
2621374,BM,Person,34,34.03,Y,--,,,,,,
2621374,BM,Person,36.19,36.26,Y,,,,,,,
2621374,BM,Person,36.46,37.11,Y,,,,,,,
2621374,BM,Person,37.22,37.53,Y,,,,,,,
2621374,BM,Person,37.56,38.12,Y,,,,,,,
2621374,BM,Person,41.11,41.32,Y,,,,,,,
2621374,BM,Person,41.38,42.31,Y,,,,,,,
2621374,BM,Person,42.38,42.58,Y,,,,,,,
2621374,FSLA,,0.17,0.2,Y,,,,,,,
2621374,FSLA,,16.58,17.1,Y,,,,,,,
2621374,FSLA,,26.22,26.26,Y,,,,,,,
2621374,left screen,,30.22,30.33,FNVBAS,Consulted with prabodh,,,,,,
2621374,left screen,,31.13,31.23,FNVBAS,,,,,,,
2621374,left screen,,32.31,32.39,FNVBAS,,,,,,,
2621374,left screen,,33.03,33.06,FNVBAS,,,,,,,
2621374,left screen,,35.56,36.02,FNVBAS,,,,,,,
2621374,left screen,,36.15,36.18,FNVBAS,,,,,,,
,,,,,,,,,,,,
2622665,BM,Person,3.08,3.37,Y,fsla,,,,,,
2622665,BM,Person,4.03,4.09,Y,,,,,,,
2622665,BM,Person,4.49,4.51,Y,,,,,,,
2622665,BM,Person,5.4,5.48,Y,,,,,,,
2622665,BM,Person,6.32,6.44,Y,,,,,,,
2622665,BM,Person,6.54,6.59,Y,,,,,,,
2622665,FSLA,,0.08,0.14,Y,,,,,,,
2622665,FSLA,,3.15,3.2,Y,,,,,,,
2622665,FSLA,,4.44,4.5,Y,,,,,,,
2622665,FSLA,,4.55,4.57,Y,,,,,,,
2622665,FSLA,,5.01,5.07,Y,,,,,,,
2622665,FSLA,,6.36,6.43,Y,,,,,,,
2622665,FSLA,,9.23,9.27,Y,,,,,,,
2622665,FSLA,,11.4,11.43,Y,,,,,,,
2622665,left screen,,12.22,12.32,FNVBAS,Face not visible(Consulted with Prabodh),,,,,,
2622665,FSLA,,12.34,12.49,Y,,,,,,,
2622665,FSLA,,21.11,21.16,Y,,,,,,,
2622665,FSLA,,25.03,25.15,Y,,,,,,,
2622665,FSLA,,27.56,28.02,Y,,,,,,,
2622665,FSLA,,31.07,31.14,Y,,,,,,,
2622665,FSLA,,34.48,34.54,Y,,,,,,,
2622665,FSLA,,35.47,35.58,Y,,,,,,,
2622665,FSLA,,42.54,42.58,Y,,,,,,,
,,,,,,,,,,,,
2615935,BM,Person,0,7.55,N,FSLA-Re,,,,,,
2615935,LS,,5.39,7.03,N,,,,,,,
2615935,Imposter,,6.49,6.5,N,,,,,,,
2615935,BM,Person,7.57,8.04,N,,,,,,,
2615935,BM,Person,8.13,8.15,N,,,,,,,
2615935,BM,Person,8.42,8.44,N,,,,,,,
2615935,BM,Person,9.06,17.49,N,,,,,,,
2615935,BM,Person,19.34,20.09,N,,,,,,,
2615935,BM,Person,20.19,20.49,N,,,,,,,
2615935,BM,Person,21.43,22.28,N,,,,,,,
2615935,BM,Person,22.34,22.59,N,,,,,,,
2615935,BM,Person,23.1,24.04,N,,,,,,,
2615935,BM,Person,24.17,24.2,N,,,,,,,
2615935,BM,Person,25.3,25.41,N,,,,,,,
2615935,BM,Person,26.07,28.1,N,,,,,,,
2615935,BM,Person,28.14,165.36,N,long,,,,,,
2615935,BM,Person,167.29,167.45,N,,,,,,,
,,,,,,,,,,,,
2399587,LS,,0.26,0.31,Y,,FSLA-Re,,,,,
2399587,LS,,1.17,1.18,Y,,,,,,,
2399587,Imposter,,1.18,24.08,Y,,,,,,,
,,,,,,,,,,,,
2408858,LS,,19.22,19.27,Y,Imposter with MP & BM,,FSLA-Re,,,,
2408858,LS,,32.47,33.49,Y,student is present but face is not visible,,,,,,
2408858,BM,Person,37.44,37.46,Y,,,,,,,
2408858,MP,,37.48,38.28,Y,,,,,,,
2408858,Imposter,,38.29,41.46,Y,,,,,,,
2408858,left screen,,40.34,41.45,Y,,,,,,,
2408858,MP,,41.46,45.38,Y,,,,,,,
2408858,Imposter,,45.38,45.56,Y,,,,,,,
2408858,MP,,45.56,46.04,Y,,,,,,,
2408858,Imposter,,46.04,48,Y,,,,,,,
2408858,MP,,48,48.08,Y,,,,,,,
2408858,Imposter,,48.08,48.46,Y,,,,,,,
2408858,MP,,48.46,48.52,Y,,,,,,,
2408858,Imposter,,48.52,51.09,Y,,,,,,,
2408858,MP,,51.09,51.38,Y,,,,,,,
2408858,BM,Person,51.39,51.46,Y,,,,,,,
2408858,LS,,52.02,52.05,Y,,,,,,,
2408858,UPD,Cellphone,54.51,54.53,Y,,,,,,,
2408858,BM,Person,61.19,61.33,Y,,,,,,,
2408858,UPD,Cellphone,61.22,61.33,Y,,,,,,,
2408858,MP,,64.46,64.54,Y,,,,,,,
2408858,UPD,Cellphone,65.15,65.56,Y,,,,,,,
2408858,UPD,Cellphone,66.06,66.14,Y,,,,,,,
2408858,LS,,71.41,73.21,Y,,,,,,,
,,,,,,,,,,,,
2546264,LS,,0.26,0.36,Y,Corrections 20/06/2020,,,,,,
2546264,LS,,0.4,0.53,Y,,,,,,,
2546264,LS,,0.57,1.14,Y,,,,,,,
2546264,LS,,1.18,1.33,Y,,,,,,,
2546264,LS,,1.39,1.45,Y,,,,,,,
2546264,LS,,1.46,1.51,Y,,,,,,,
2546264,MP,,97.1,97.12,Y,,,,,,,
,,,,,,,,,,,,
2543503,BM,Person,4.17,4.2,Y,,,,,,,
2543503,BM,Person,4.22,4.3,Y,,,,,,,
2543503,BM,Person,4.32,4.38,Y,,,,,,,
2543503,BM,Person,5.11,5.13,Y,,,,,,,
2543503,BM,Person,5.16,5.17,Y,,,,,,,
2543503,BM,Person,5.25,5.27,Y,,,,,,,
2543503,UPD,Cellphone,17.11,17.19,Y,,,,,,,
2543503,FSLA,,0.3,0.35,Y,,,,,,,
2543503,FSLA,,0.41,0.45,Y,,,,,,,
2543503,FSLA,,1.19,1.26,Y,,,,,,,
2543503,FSLA,,4.23,4.27,Y,,,,,,,
2543503,FSLA,,17.08,17.18,Y,,,,,,,
2543503,FSLA,,17.35,17.49,Y,,,,,,,
2543503,LS,,17.49,17.56,Y,,Correction 20/06/2020,,,,,
,,,,,,,,,,,,
2629593,BM,Person,2.23,2.26,Y,FSLA-N,,,,,,
2629593,MP,,2.27,2.33,Y,Correction 22/06/2020,,,,,,
2629593,BM,Person,4.56,4.57,Y,,,,,,,
2629593,BM,Person,41.07,41.16,Y,,,,,,,
2629593,MP,,41.17,41.2,Y,Correction 22/06/2020,,,,,,
,,,,,,,,,,,,
2626445,BM,Person,5.37,5.43,Y,FSLA-N,,,,,,
2626445,MP,,5.44,5.46,Y,,,,,,,
2626445,BM,Person,5.52,6.28,Y,,,,,,,
,,,,,,,,,,,,
2628150,BM,Person,0,12.44,Y,,,,,,,
2628150,BM,Person,12.34,12.39,Y,,,,,,,
2628150,BM,Person,15.53,15.55,Y,,,,,,,
2628150,MP,,15.56,16.04,Y,,,,,,,
2628150,FSLA,,21.06,21.1,Y,,,,,,,
,,,,,,,,,,,,
2625050,BM,Person,0.05,0.07,Y,FSLA-Re,,,,,,
2625050,MP,,0.08,0.59,Y,,,,,,,
2625050,BM,Person,1.08,1.13,Y,,,,,,,
2625050,BM,Person,1.24,1.28,Y,,,,,,,
2625050,BM,Person,1.39,1.42,Y,,,,,,,
2625050,BM,Person,2.44,3.11,Y,,,,,,,
2625050,BM,Person,3.15,3.21,Y,,,,,,,
2625050,BM,Person,81.05,81.13,Y,,,,,,,
2625050,BM,Person,92.34,92.42,Y,,,,,,,
2625050,BM,Person,97.59,98.04,Y,,,,,,,
2625050,BM,Person,99.46,99.51,Y,,,,,,,
2625050,BM,Person,99.55,99.59,Y,,,,,,,
2625050,BM,Person,105.18,105.24,Y,,,,,,,
2625050,LS,,2.25,2.44,Y,Corrections 21/06/2020,,,,,,
2625050,LS,,4.49,5.19,Y,,,,,,,
2625050,LS,,5.45,6.3,Y,,,,,,,
2625050,LS,,7.16,8.49,Y,,,,,,,
2625050,LS,,9.35,10.41,Y,,,,,,,
2625050,LS,,10.51,12.23,Y,,,,,,,
2625050,LS,,15.02,15.52,Y,,,,,,,
2625050,LS,,17.39,18.24,Y,,,,,,,
2625050,LS,,18.56,20.44,Y,,,,,,,
2625050,LS,,22.12,23,Y,,,,,,,
2625050,LS,,23.49,24.22,Y,,,,,,,
2625050,LS,,34.14,37.14,Y,,,,,,,
2625050,LS,,39.07,39.5,Y,,,,,,,
2625050,LS,,41.57,43.53,Y,,,,,,,
2625050,LS,,44.29,45,Y,,,,,,,
2625050,LS,,46.02,46.24,Y,,,,,,,
2625050,LS,,47.25,47.31,Y,,,,,,,
2625050,LS,,47.54,48.19,Y,,,,,,,
2625050,LS,,50.52,51.34,Y,,,,,,,
2625050,LS,,52.22,52.34,Y,,,,,,,
2625050,LS,,53.04,55.04,Y,,,,,,,
2625050,LS,,56.27,57.31,Y,,,,,,,
2625050,LS,,58,58.09,Y,,,,,,,
2625050,LS,,58.25,58.57,Y,,,,,,,
2625050,LS,,59.3,60.25,Y,,,,,,,
2625050,LS,,61.41,61.57,Y,,,,,,,
,,,,,,,,,,,,
,,,,,,,,,,,,
2562898,BM,Person,0,0.16,Y,FSLA-N,,,,,,
2562898,MP,,0.17,0.31,Y,,,,,,,
2562898,BM,Person,0.32,0.37,Y,,,,,,,
,,,,,,,,,,,,
2616852,BM,Person,2.29,2.3,Y,,,,,,,
2616852,BM,Person,3.18,3.2,Y,,,,,,,
2616852,BM,Person,5.21,5.25,Y,,,,,,,
2616852,BM,Person,10.28,10.31,Y,,,,,,,
2616852,BM,Person,10.49,10.52,Y,,,,,,,
2616852,BM,Person,11.38,11.42,Y,,,,,,,
2616852,BM,Person,11.52,11.59,Y,,,,,,,
2616852,BM,Person,13.31,13.41,Y,,,,,,,
2616852,BM,Person,13.44,14.02,Y,,,,,,,
2616852,BM,Person,14.06,14.08,Y,,,,,,,
2616852,BM,Person,14.12,14.26,Y,,,,,,,
2616852,BM,Person,14.33,14.39,Y,,,,,,,
2616852,BM,Person,14.42,14.47,Y,,,,,,,
2616852,BM,Person,15.43,15.48,Y,,,,,,,
2616852,BM,Person,15.55,15.58,Y,,,,,,,
2616852,MP,,19.18,19.55,Y,,,,,,,
2616852,FSLA,,2.25,2.28,Y,,,,,,,
2616852,FSLA,,10.43,10.53,Y,,,,,,,
2616852,FSLA,,13.12,13.28,Y,,,,,,,
2616852,FSLA,,15.09,15.11,Y,,,,,,,
2616852,FSLA,,19.06,19.57,Y,25-01-2020,,,,,,
,,,,,,,,,,,,
2565397,LS,,0.08,0.12,Y,FSLA-Re,,,,,,
2565397,LS,,0.19,0.22,Y,,,,,,,
2565397,LS,,0.28,0.29,Y,,,,,,,
2565397,LS,,0.32,0.34,Y,,,,,,,
2565397,UPD,Headphones,20.55,22.07,Y,,,,,,,
2565397,MP,,22.08,23.03,Y,,,,,,,
2565397,UPD,Headphones,23.06,35.58,Y,,,,,,,
2565397,MP,,31.15,31.46,Y,,,,,,,
2565397,BM,Person,36.01,37.03,Y,,,,,,,
2565397,MP,,37.04,38.03,Y,,,,,,,
2565397,BM,Person,38.04,38.19,Y,,,,,,,
2565397,BM,Person,48.03,48.07,Y,,,,,,,
2565397,MP,,48.08,48.12,Y,,,,,,,
,,,,,,,,,,,,
2571123,BM,Person,21.26,21.32,Y,,,,,,,
2571123,BM,Person,21.51,22.1,Y,,,,,,,
2571123,left screen,,26.08,26.18,Y,,,,,,,
2571123,BM,Person,26.18,26.2,Y,,,,,,,
2571123,Imposter,,26.21,26.31,Y,,,,,,,
2571123,MP,,26.35,28.22,Y,,,,,,,
2571123,BM,Person,28.23,28.43,Y,,,,,,,
2571123,BM,Person,28.5,29.01,Y,,,,,,,
2571123,BM,Person,29.07,29.47,Y,,,,,,,
2571123,BM,Person,30.1,30.12,Y,,,,,,,
2571123,MP,,30.37,30.45,Y,,,,,,,
2571123,BM,Person,30.46,31.53,Y,,,,,,,
2571123,BM,Person,31.56,32.13,Y,,,,,,,
2571123,FSLA,,0.18,0.28,Y,,,,,,,
2571123,FSLA,,2.31,2.34,Y,,,,,,,
2571123,FSLA,,2.37,2.55,Y,,,,,,,
2571123,FSLA,,21.25,21.29,Y,,,,,,,
2571123,FSLA,,23.02,23.11,Y,,,,,,,
2571123,FSLA,,24.37,24.46,Y,,,,,,,
2571123,FSLA,,25.2,25.33,Y,,,,,,,
2571123,FSLA,,25.58,26.07,Y,,,,,,,
2571123,FSLA,,28.46,28.54,Y,,,,,,,
2571123,FSLA,,29.47,29.52,Y,,,,,,,
2571123,FSLA,,32.19,32.23,Y,,,,,,,
,,,,,,,,,,,,
2569041,BM,Person,21.1,21.11,Y,,,,,,,
2569041,MP,,21.12,21.2,Y,,,,,,,
2569041,FSLA,,21.08,21.1,Y,,,,,,,
2569041,FSLA,,21.22,21.25,Y,,,,,,,
2569041,FSLA,,21.27,21.34,Y,,,,,,,
2569041,FSLA,,21.49,21.55,Y,,,,,,,
2569041,FSLA,,23.33,23.37,Y,,,,,,,
,,,,,,,,,,,,
2570949,BM,Person,0.16,0.18,Y,,,,,,,
2570949,BM,Person,0.36,0.43,Y,,,,,,,
2570949,BM,Person,0.5,0.59,Y,,,,,,,
2570949,BM,Person,8.42,8.49,Y,,,,,,,
2570949,BM,Person,10.44,10.46,Y,,,,,,,
2570949,BM,Person,12.26,12.27,Y,,,,,,,
2570949,BM,Person,12.41,13.1,Y,,,,,,,
2570949,BM,Person,13.15,13.21,Y,,,,,,,
2570949,BM,Person,16.49,17.01,Y,,,,,,,
2570949,BM,Person,18.19,18.24,Y,,,,,,,
2570949,BM,Person,18.44,18.55,Y,,,,,,,
2570949,UPD,Cellphone,19.24,19.5,Y,,,,,,,
2570949,UPD,Cellphone,19.54,20.13,Y,,,,,,,
2570949,FSLA,,0.48,0.59,Y,,,,,,,
2570949,FSLA,,2.53,3,Y,,,,,,,
2570949,FSLA,,5.36,5.4,Y,,,,,,,
2570949,FSLA,,8.33,8.57,Y,,,,,,,
2570949,FSLA,,11.32,11.53,Y,,,,,,,
2570949,FSLA,,12.54,13.17,Y,,,,,,,
2570949,FSLA,,13.3,13.32,Y,,,,,,,
2570949,FSLA,,20.15,20.29,Y,,,,,,,
,,,,,,,,,,,,
2575985,LS,,0.23,0.27,Y,FSLA-Re,,,,,,
2575985,LS,,0.29,0.39,Y,,,,,,,
2575985,LS,,0.45,1,Y,,,,,,,
2575985,LS,,1.02,1.09,Y,,,,,,,
2575985,LS,,1.15,1.17,Y,,,,,,,
2575985,LS,,1.18,1.26,Y,,,,,,,
2575985,LS,,3.55,4.3,Y, Changes 20/06/2020,,,,,,
2575985,LS,,1.29,1.35,Y,,,,,,,
2575985,UPD,telephone,12.05,12.38,Y,,,,,,,
2575985,BM,Person,13.02,14.01,Y,,,,,,,
2575985,Imposter,,14.02,14.5,Y,,,,,,,
2575985,BM,Person,14.03,14.33,Y,,,,,,,
2575985,BM,Person,14.53,15.56,Y,,,,,,,
2575985,MP,,15.57,16.05,Y,,,,,,,
2575985,BM,Person,16.05,16.08,Y,,,,,,,
2575985,UPD,telephone,25.44,25.52,Y,,,,,,,
2575985,UPD,telephone,25.55,26.02,Y,,,,,,,
2575985,LS,,34.15,46.45,Y,,,,,,,
2575985,LS,,48.09,48.16,Y,,,,,,,
2575985,LS,,53.02,53.09,Y,,,,,,,
2575985,UPD,telephone,53.49,54.32,Y,,,,,,,
2575985,LS,,54.36,62.05,Y,,,,,,,
2575985,LS,,126.5,127.03,Y, Changes 20/06/2020,,,,,,
2575985,LS,,130.44,130.55,Y, Changes 20/06/2020,,,,,,
2575985,LS,,130.58,132.12,Y, Changes 20/06/2020,,,,,,
,,,,,,,,,,,,
2597081,BM,Person,33.26,33.38,Y,,,,,,,
2597081,BM,Person,33.43,34.08,Y,,,,,,,
2597081,BM,Person,59.57,60,Y,,,,,,,
2597081,BM,Person,60.08,68.1,Y,,,,,,,
2597081,MP,,69.47,71.37,Y,,,,,,,
2597081,MP,,71.39,71.59,Y,,,,,,,
2597081,BM,Person,77.02,77.05,Y,,,,,,,
2597081,BM,Person,77.2,77.24,Y,,,,,,,
2597081,FSLA,,16.07,16.15,Y,,,,,,,
2597081,left screen,,32.57,33.02,FNVBAS,,,,,,,
2597081,FSLA,,34.31,34.37,Y,,,,,,,
2597081,FSLA,,62.01,68.2,Y,,,,,,,
,,,,,,,,,,,,
2591822,UPD,Headphones,0,9.27,Y,FSLA-Re,,,,,,
2591822,MP,,10.42,11.07,Y,,,,,,,
2591822,LS,,13.04,13.4,Y,Changes 20/06/2020,,,,,,
2591822,LS,,15.5,22.42,Y,Changes 20/06/2020,,,,,,
2591822,LS,,23.14,30.12,Y,Changes 20/06/2020,,,,,,
2591822,LS,,30.37,236.38,Y,Changes 20/06/2020,,,,,,
,,,,,,,,,,,,
2575513,BM,Person,1.02,1.06,Y,,,,,,,
2575513,BM,Person,1.53,2.57,Y,,,,,,,
2575513,MP,,2.59,3.49,Y,,,,,,,
2575513,BM,Person,3.54,4.13,Y,,,,,,,
2575513,MP,,4.14,4.55,Y,,,,,,,
2575513,BM,Person,5.02,5.23,Y,,,,,,,
2575513,MP,,5.24,5.37,Y,,,,,,,
2575513,BM,Person,5.42,5.55,Y,,,,,,,
2575513,BM,Person,6.01,6.19,Y,,,,,,,
2575513,BM,Person,6.41,6.42,Y,,,,,,,
2575513,BM,Person,6.46,7.27,Y,-,,,,,,
2575513,BM,Person,7.47,7.5,Y,,,,,,,
2575513,BM,Person,8.01,8.05,Y,,,,,,,
2575513,BM,Person,8.16,10.07,Y,,,,,,,
2575513,MP,,10.8,10.16,Y,,,,,,,
2575513,BM,Person,10.17,16.16,Y,,,,,,,
2575513,BM,Person,20.14,20.4,Y,,,,,,,
2575513,MP,,20.41,22.36,Y,-,50,,,,,
2575513,FSLA,,3,3.04,Y,,,,,,,
2575513,FSLA,,4,4.06,Y,,,,,,,
2575513,FSLA,,7.14,7.24,Y,,,,,,,
2575513,FSLA,,7.48,8,Y,,,,,,,
,,,,,,,,,,,,
2574354,MP,,77.37,78.05,Y,,FSLA-Re,,,,,
,,,,,,,,,,,,
2595728,MP,,6.49,6.54,Y,,,,,,,
2595728,MP,,6.55,7,Y,,,,,,,
2595728,BM,Person,8.35,8.46,Y,,,,,,,
2595728,MP,,8.54,9.08,Y,,,,,,,
2595728,BM,Person,23.39,23.52,Y,,,,,,,
2595728,MP,,23.53,24.36,Y,,,,,,,
2595728,MP,,24.56,24.56,Y,,,,,,,
2595728,MP,,25.01,25.59,Y,,,,,,,
2595728,UPD,Cellphone,25.37,25.4,Y,,,,,,,
2595728,FSLA,,0.13,0.2,Y,,,,,,,
2595728,FSLA,,0.47,0.51,Y,,,,,,,
2595728,FSLA,,1.03,1.17,Y,,,,,,,
2595728,FSLA,,1.2,1.39,Y,,,,,,,
2595728,FSLA,,1.45,1.48,Y,,,,,,,
2595728,left screen,,1.49,2.31,FNVBAS,,,,,,,
2595728,FSLA,,3.16,3.22,Y,,,,,,,
2595728,left screen,,3.36,3.49,FNVBAS,,,,,,,
2595728,FSLA,,3.58,4.06,Y,,,,,,,
2595728,left screen,,4.2,4.32,FNVBAS,,,,,,,
2595728,FSLA,,4.43,4.5,Y,,,,,,,
2595728,left screen,,7.03,7.14,FNVBAS,,,,,,,
2595728,FSLA,,7.43,7.49,Y,,,,,,,
2595728,FSLA,,10.04,10.09,Y,,,,,,,
2595728,left screen,,10.15,11.15,FNVBAS,Face not visible but attending screen,,,,,,
2595728,left screen,,11.26,11.32,FNVBAS,,,,,,,
2595728,left screen,,11.34,11.42,FNVBAS,,,,,,,
2595728,left screen,,11.46,11.54,FNVBAS,,,,,,,
2595728,left screen,,13.13,14.1,FNVBAS,,,,,,,
2595728,left screen,,14.38,14.49,FNVBAS,,,,,,,
2595728,left screen,,15.19,15.47,FNVBAS,,,,,,,
2595728,left screen,,15.54,16.58,FNVBAS,,,,,,,
2595728,left screen,,17.26,17.5,FNVBAS,,,,,,,
2595728,left screen,,18,18.03,FNVBAS,,,,,,,
2595728,left screen,,18.04,18.22,FNVBAS,,,,,,,
2595728,left screen,,19.1,19.35,FNVBAS,,,,,,,
2595728,left screen,,20.22,20.55,FNVBAS,,,,,,,
2595728,left screen,,21.56,23.09,FNVBAS,,,,,,,
2595728,FSLA,,25.31,25.38,Y,,,,,,,
,,,,,,,,,,,,
2576005,BM,Person,5.37,5.53,Y,,,,,,,
2576005,BM,Person,6.11,6.19,Y,,,,,,,
2576005,BM,Person,13.58,14.02,Y,,,,,,,
2576005,BM,Person,14.27,14.33,Y,,,,,,,
2576005,BM,Person,15.39,15.42,Y,,,,,,,
2576005,BM,Person,15.45,15.48,Y,,,,,,,
2576005,MP,,15.54,15.58,Y,,,,,,,
2576005,BM,Person,18.04,18.06,Y,,,,,,,
2576005,BM,Person,20.44,20.46,Y,,,,,,,
2576005,BM,Person,21.07,21.09,Y,,,,,,,
2576005,UPD,telephone,38.5,43.02,Y,,,,,,,
2576005,BM,Person,48.21,48.23,Y,,,,,,,
2576005,FSLA,,38.46,40.49,Y,,,,,,,
2576005,FSLA,,42.59,43.02,Y,,,,,,,
2576005,FSLA,,52.43,52.53,Y,,,,,,,
,,,,,,,,,,,,
2582824,BM,Person,3.17,3.19,Y,,,,,,,
2582824,BM,Person,5.29,5.35,Y,,,,,,,
2582824,BM,Person,6.28,6.39,Y,,,,,,,
2582824,BM,Person,7.45,7.52,Y,,,,,,,
2582824,BM,Person,9.19,9.2,Y,,,,,,,
2582824,MP,,15.28,15.35,Y,,,,,,,
2582824,left screen,,0.3,0.36,FNVBAS,,,,,,,
2582824,FSLA,,0.39,0.54,Y,,,,,,,
2582824,FSLA,,0.59,1.11,Y,,,,,,,
2582824,FSLA,,1.19,2.1,Y,,,,,,,
2582824,FSLA,,2.27,2.39,Y,,,,,,,
2582824,FSLA,,2.46,3.11,Y,,,,,,,
2582824,FSLA,,3.2,3.35,Y,,,,,,,
2582824,FSLA,,3.48,3.53,Y,,,,,,,
2582824,FSLA,,3.59,4.38,Y,,,,,,,
2582824,FSLA,,4.48,4.54,Y,,,,,,,
2582824,FSLA,,4.57,4.59,Y,,,,,,,
2582824,FSLA,,5.08,5.37,Y,,,,,,,
2582824,FSLA,,6.02,6.19,Y,,,,,,,
2582824,FSLA,,6.31,6.37,Y,,,,,,,
2582824,FSLA,,6.49,7.12,Y,,,,,,,
2582824,FSLA,,7.26,8.16,Y,,,,,,,
2582824,FSLA,,8.19,8.29,Y,,,,,,,
2582824,FSLA,,11.21,11.29,Y,,,,,,,
2582824,FSLA,,11.43,11.55,Y,,,,,,,
2582824,FSLA,,12.46,13.05,Y,,,,,,,
2582824,FSLA,,13.11,13.17,Y,,,,,,,
2582824,FSLA,,13.21,13.46,Y,,,,,,,
2582824,FSLA,,14.49,15.42,Y,,,,,,,
2582824,FSLA,,17.1,17.19,Y,-,,,,,,
,,,,,,,,,,,,
2578378,LS,,0.22,0.37,Y,,,,,,,
2578378,LS,,0.49,1.05,Y,,,,,,,
2578378,LS,,8.42,8.54,Y,,,,,,,
2578378,LS,,22.49,23.38,Y,,,,,,,
2578378,LS,,31.47,32.15,Y,,,,,,,
2578378,FSLA,,2.44,2.52,Y,,,,,,,
2578378,FSLA,,11.46,11.52,Y,,,,,,,
2578378,FSLA,,12,12.22,Y,,,,,,,
2578378,FSLA,,12.3,12.52,Y,,,,,,,
2578378,FSLA,,13.28,13.33,Y,,,,,,,
2578378,FSLA,,33.14,33.42,Y,,,,,,,
,,,,,,,,,,,,
2578685,LS,,0.24,0.29,Y,FSLA-Re,,,,,,
2578685,LS,,0.35,0.37,Y,,,,,,,
2578685,UPD,Cellphone,8.29,8.32,Y,,,,,,,
2578685,UPD,Cellphone,8.34,9.19,Y,,,,,,,
2578685,UPD,Cellphone,64.42,65.13,Y,,,,,,,
2578685,LS,,65.21,67.52,Y,,,,,,,
2578685,LS,,87.27,87.58,Y,,,,,,,
2578685,LS,,88.48,89.08,Y,,,,,,,
2578685,LS,,90.39,90.52,Y,,,,,,,
2578685,LS,,91.07,95.24,Y,,,,,,,
2578685,LS,,95.29,96.47,Y,,,,,,,
,,,,,,,,,,,,
2597963,LS,,0.13,0.18,Y,,,,,,,
2597963,LS,,0.2,0.28,Y,,,,,,,
2597963,LS,,0.29,0.31,Y,,,,,,,
2597963,UPD,Cellphone,33.03,33.07,Y,,,,,,,
2597963,UPD,Cellphone,33.12,33.18,Y,,,,,,,
2597963,UPD,Cellphone,33.21,33.24,Y,,,,,,,
2597963,BM,Person,33.5,34.09,Y,,,,,,,
2597963,UPD,Cellphone,33.53,34.25,Y,,,,,,,
2597963,BM,Person,34.13,34.35,Y,,,,,,,
2597963,UPD,Cellphone,34.28,35.17,Y,,,,,,,
2597963,BM,Person,34.39,35.07,Y,,,,,,,
2597963,MP,,35.08,35.13,Y,,,,,,,
2597963,BM,Person,35.13,36.52,Y,,,,,,,
2597963,UPD,Cellphone,35.19,36.35,Y,,,,,,,
2597963,UPD,Cellphone,37.12,37.35,Y,,,,,,,
2597963,UPD,Cellphone,38,38.57,Y,,,,,,,
2597963,FSLA,,33.02,34.37,Y,,,,,,,
2597963,left screen,,35.44,36.33,FNVBAS,,,,,,,
2597963,FSLA,,37.34,38.57,Y,,,,,,,
,,,,,,,,,,,,
2641875,LS,,0.05,0.18,Y,FSLA-N,,,,,,
2641875,LS,,0.21,0.33,Y,,,,,,,
2641875,Imposter,,0.4,0.43,Y,,,,,,,
2641875,MP,,0.47,0.48,Y,,,,,,,
2641875,BM,Person,1.11,3.16,Y,Imposter but face is not visible(Consulted with Prabodh & Himanshu sir,,,,,,
2641875,BM,Person,3.23,3.4,Y,,,,,,,
,,,,,,,,,,,,
2597216,LS,,125.17,126.09,Y,FSLA-Re,,,,,,
2597216,LS,,127.53,128,Y,,,,,,,
,,,,,,,,,,,,
2641766,LS,,0.27,0.31,Y,FSLA-Re,,,,,,
2641766,LS,,0.34,0.36,Y,,,,,,,
2641766,LS,,122.56,123.18,Y,,,,,,,
,,,,,,,,,,,,
2599189,BM,Person,41.41,51.56,Y,,,,,,,
2599189,LS,,55.17,55.41,Y,Not detected,,,,,,
2599189,left screen,,55.41,55.49,Y,,,,,,,
2599189,FSLA,,7.02,7.55,Y,,,,,,,
2599189,FSLA,,8.1,8.21,Y,,,,,,,
2599189,FSLA,,8.25,9.03,Y,,,,,,,
2599189,FSLA,,9.06,9.25,Y,,,,,,,
2599189,FSLA,,9.31,9.39,Y,,,,,,,
2599189,FSLA,,9.42,9.46,Y,,,,,,,
2599189,FSLA,,10.26,10.54,Y,,,,,,,
2599189,FSLA,,11.14,11.49,Y,,,,,,,
2599189,FSLA,,12.28,14.14,Y,,,,,,,
2599189,FSLA,,14.19,14.48,Y,,,,,,,
2599189,FSLA,,14.54,15.14,Y,,,,,,,
2599189,FSLA,,17.26,17.38,Y,,,,,,,
2599189,FSLA,,18.54,17.05,Y,,,,,,,
2599189,FSLA,,17.27,17.37,Y,,,,,,,
2599189,FSLA,,18.54,19.04,Y,,,,,,,
2599189,FSLA,,20.53,21.47,Y,,,,,,,
2599189,FSLA,,21.59,22.5,Y,,,,,,,
2599189,FSLA,,23.52,23.59,Y,,,,,,,
2599189,FSLA,,24.01,24.21,Y,,,,,,,
2599189,FSLA,,24.26,25.32,Y,,,,,,,
2599189,FSLA,,26,26.05,Y,,,,,,,
2599189,FSLA,,26.12,26.25,Y,,,,,,,
2599189,FSLA,,26.28,26.36,Y,,,,,,,
2599189,FSLA,,26.4,27.06,Y,,,,,,,
2599189,FSLA,,27.31,27.55,Y,,,,,,,
2599189,FSLA,,28.48,29.01,Y,,,,,,,
2599189,FSLA,,30.13,30.22,Y,,,,,,,
2599189,FSLA,,30.48,31,Y,,,,,,,
2599189,FSLA,,33.52,33.59,Y,,,,,,,
2599189,FSLA,,34.04,34.14,Y,,,,,,,
2599189,FSLA,,34.39,35.05,Y,,,,,,,
2599189,FSLA,,35.35,36.42,Y,,,,,,,
2599189,FSLA,,36.49,36.53,Y,,,,,,,
2599189,FSLA,,37.04,37.11,Y,,,,,,,
2599189,FSLA,,37.25,37.42,Y,,,,,,,
2599189,FSLA,,37.56,38.05,Y,,,,,,,
2599189,FSLA,,38.13,38.19,Y,,,,,,,
2599189,FSLA,,40.49,40.55,Y,,,,,,,
2599189,FSLA,,41.02,41.16,Y,,,,,,,
2599189,FSLA,,41.33,42.13,Y,,,,,,,
2599189,FSLA,,42.43,42.49,Y,,,,,,,
2599189,FSLA,,42.55,44.46,Y,,,,,,,
2599189,FSLA,,44.54,46.15,Y,,,,,,,
2599189,FSLA,,47.02,47.4,Y,,,,,,,
2599189,FSLA,,48.04,48.1,Y,,,,,,,
2599189,FSLA,,48.16,48.26,Y,,,,,,,
2599189,FSLA,,48.43,48.57,Y,,,,,,,
2599189,FSLA,,49.33,49.37,Y,,,,,,,
2599189,FSLA,,50.08,50.35,Y,,,,,,,
2599189,FSLA,,50.5,50.57,Y,,,,,,,
2599189,FSLA,,51.01,51.28,Y,,,,,,,
2599189,FSLA,,51.35,51.4,Y,,,,,,,
2599189,FSLA,,51.44,53,Y,,,,,,,
2599189,FSLA,,53.1,53.32,Y,,,,,,,
2599189,FSLA,,55.5,55.53,Y,,,,,,,
,,,,,,,,,,,,
2599372,LS,,33.42,34.09,Y,Not detected,,,,,,
2599372,FSLA,,0.58,1.01,Y,,,,,,,
2599372,FSLA,,5.11,5.49,Y,,,,,,,
2599372,FSLA,,7.35,7.46,Y,,,,,,,
2599372,FSLA,,7.57,8.11,Y,,,,,,,
2599372,FSLA,,8.13,8.38,Y,,,,,,,
2599372,FSLA,,13.53,14.01,Y,,,,,,,
2599372,FSLA,,15.42,17.01,Y,,,,,,,
2599372,FSLA,,19.38,19.43,Y,,,,,,,
2599372,FSLA,,26.46,26.54,Y,,,,,,,
2599372,FSLA,,27.23,27.25,Y,21/01,,,,,,
,,,,,,,,,,,,
2598363,UPD,Calculator,2.07,2.07,Y,FSLA-Re,,,,,,
2598363,LS,,69.34,72.24,Y,,,,,,,
,,,,,,,,,,,,
2598336,UPD,Calculator,8.05,8.16,Y,FSLA-Re,,,,,,
2598336,UPD,Cellphone,14.56,14.57,Y,,,,,,,
2598336,UPD,Cellphone,15.1,15.12,Y,,,,,,,
2598336,UPD,Cellphone,24.45,24.51,Y,,,,,,,
2598336,LS,,32.29,38.35,Y,,,,,,,
2598336,UPD,Cellphone,47.52,47.57,Y,,,,,,,
2598336,UPD,Cellphone,91.34,91.35,Y,,,,,,,
2598336,LS,,107.02,107.49,Y,Correction,,,,,,
2598336,UPD,Cellphone,112,112.24,Y,,,,,,,
,,,,,,,,,,,,
2596579,LS,,8.35,8.44,Y,Changes 20/06/2020,,,,,,
2596579,LS,,8.46,8.57,Y,.,,,,,,
2596579,LS,,9.01,9.08,Y,.,,,,,,
2596579,LS,,9.44,9.52,Y,.,,,,,,
2596579,LS,,9.54,9.58,Y,.,,,,,,
2596579,LS,,10,10.1,Y,.,,,,,,
2596579,LS,,10.13,10.28,Y,.,,,,,,
2596579,LS,,10.41,10.46,Y,.,,,,,,
2596579,LS,,10.54,11.08,Y,.,,,,,,
2596579,LS,,11.13,11.16,Y,.,,,,,,
2596579,LS,,11.21,11.24,Y,.,,,,,,
2596579,LS,,11.32,11.37,Y,.,,,,,,
2596579,LS,,11.48,11.52,Y,.,,,,,,
2596579,LS,,11.58,12.04,Y,.,,,,,,
2596579,LS,,12.12,12.16,Y,.,,,,,,
2596579,LS,,12.22,12.38,Y,.,,,,,,
2596579,LS,,12.49,12.55,Y,.,,,,,,
2596579,LS,,13.07,13.25,Y,.,,,,,,
2596579,LS,,15.49,19.03,Y,FSLA-Re,,,,,,
2596579,left screen,,92.19,92.39,Y,.,,,,,,
2596579,LS,,93.11,93.31,,,,,,,,
,,,,,,,,,,,,
2582196,UPD,Headphone,0,8.05,Y,FSLA-Re,,,,,,
2582196,LS,,8.48,17.28,Y,,,,,,,
2582196,Imposter,,17.28,25.08,Y,,,,,,,
2582196,LS,,25.09,25.13,Y,,,,,,,
2582196,left screen,,25.13,27.07,Y,,,,,,,
2582196,LS,,27.08,48.06,Y,,,,,,,
2582196,UPD,Cellphone,48.08,48.36,Y,,,,,,,
2582196,LS,,48.55,49.01,Y,Changes 20/06/2020,,,,,,
2582196,UPD,Headphone,49.22,55.16,Y,,,,,,,
,,,,,,,,,,,,
2572904,LS,,0.06,0.09,Y,FSLA-Re,,,,,,
2572904,LS,,0.14,0.25,Y,,,,,,,
2572904,Imposter,,18.18,18.39,Y,,,,,,,
2572904,LS,,18.39,19.2,Y,,,,,,,
2572904,LS,,20.03,20.53,Y,,,,,,,
2572904,BM,Person,20.54,20.58,Y,,,,,,,
2572904,MP,,21.27,21.4,Y,,,,,,,
2572904,MP,,22.48,23,Y,,,,,,,
2572904,BM,Person,23.01,23.07,Y,,,,,,,
2572904,MP,,25,25.17,Y,Not sure,,,,,,
2572904,BM,Person,25.18,25.28,Y,,,,,,,
2572904,MP,,25.29,25.33,Y,,,,,,,
2572904,BM,Person,25.34,25.49,Y,,,,,,,
2572904,MP,,26.07,26.36,Y,,,,,,,
2572904,MP,,27.46,27.54,Y,,,,,,,
2572904,BM,Person,29.1,29.23,Y,,,,,,,
2572904,MP,,30.09,30.27,Y,,,,,,,
2572904,BM,Person,30.32,30.35,Y,,,,,,,
2572904,BM,Person,30.59,31.1,Y,,,,,,,
2572904,BM,Person,31.26,31.33,Y,,,,,,,
2572904,MP,,31.38,31.47,Y,,,,,,,
2572904,BM,Person,31.48,32.04,Y,,,,,,,
2572904,MP,,32.09,32.13,Y,,,,,,,
2572904,MP,,32.17,32.28,Y,,,,,,,
2572904,MP,,32.31,32.37,Y,,,,,,,
2572904,BM,Person,32.59,33.04,Y,,,,,,,
2572904,MP,,38.18,39.09,Y,,,,,,,
2572904,LS,,41.27,42.24,Y,,,,,,,
2572904,LS,,42.31,43.57,Y,,,,,,,
2572904,MP,,50.25,50.28,Y,,,,,,,
2572904,MP,,50.31,50.51,Y,,,,,,,
2572904,LS,,46.47,46.51,Y,Corrections 21/06/2020,,,,,,
,,,,,,,,,,,,
,,,,,,,,,,,,
2562989,LS,,0.24,0.28,Y,,,,,,,
2562989,left screen,,70.09,70.19,Y,,,,,,,
2562989,LS,,70.2,70.25,Y,Changes,20/06/2020,,,,,
2562989,LS,,71.24,71.51,Y,Changes,,,,,,
2562989,LS,,72.18,72.21,N,,,,,,,
2562989,LS,,74.25,74.5,Y,,,,,,,
2562989,UPD,Cellphone,74.5,74.51,Y,,,,,,,
2562989,MP,,78.11,78.22,Y,,,,,,,
2562989,Imposter,,80.18,80.55,Y,,,,,,,
2562989,Imposter,,82.24,84.53,Y,,,,,,,
2562989,MP,,83.36,83.41,Y,,,,,,,
,,,,,,,,,,,,
2538482,BM,Person,0.36,1.17,Y,FSLA-Re,,,,,,
2538482,MP,,1.18,1.39,Y,,,,,,,
2538482,BM,Person,1.4,2,Y,,,,,,,
2538482,MP,,2.01,2.05,Y,,,,,,,
2538482,BM,Person,2.06,2.25,Y,,,,,,,
2538482,BM,Person,2.27,2.46,Y,,,,,,,
2538482,MP,,2.47,3.56,Y,,,,,,,
2538482,BM,Person,3.57,4.04,Y,,,,,,,
2538482,MP,,4.05,4.46,Y,,,,,,,
2538482,BM,Person,4.47,5.04,Y,,,,,,,
2538482,MP,,5.05,5.07,Y,,,,,,,
2538482,MP,,5.1,5.11,Y,,,,,,,
2538482,MP,,5.32,4.41,Y,,,,,,,
2538482,BM,Person,6.02,6.14,Y,,,,,,,
2538482,MP,,6.29,6.56,Y,,,,,,,
2538482,BM,Person,7.08,7.1,Y,,,,,,,
2538482,BM,Person,7.49,8.07,Y,,,,,,,
2538482,MP,,8.08,8.37,Y,,,,,,,
2538482,BM,Person,9.38,10.04,Y,,,,,,,
2538482,MP,,10.05,10.18,Y,,,,,,,
2538482,BM,Person,10.19,12.22,Y,,,,,,,
2538482,MP,,12.23,12.4,Y,,,,,,,
2538482,BM,Person,12.41,12.51,Y,,,,,,,
2538482,MP,,12.52,12.56,Y,,,,,,,
2538482,BM,Person,12.57,13.02,Y,,,,,,,
2538482,MP,,13.03,13.2,Y,,,,,,,
2538482,MP,,13.26,13.44,Y,,,,,,,
2538482,BM,Person,13.45,14.01,Y,,,,,,,
2538482,MP,,14.06,14.11,Y,,,,,,,
2538482,BM,Person,14.12,14.14,Y,,,,,,,
2538482,MP,,14.15,14.34,Y,,,,,,,
2538482,BM,Person,14.35,14.4,Y,,,,,,,
2538482,MP,,14.41,14.44,Y,,,,,,,
2538482,BM,Person,14.45,14.55,Y,,,,,,,
2538482,MP,,14.56,15.01,Y,,,,,,,
2538482,BM,Person,15.04,15.25,Y,,,,,,,
2538482,BM,Person,15.26,15.41,Y,,,,,,,
2538482,BM,Person,15.51,18.39,Y,,,,,,,
2538482,MP,,18.4,19.16,Y,,,,,,,
2538482,BM,Person,19.17,21.2,Y,,,,,,,
2538482,BM,Person,22.04,22.26,Y,,,,,,,
2538482,BM,Person,22.43,22.51,Y,,,,,,,
2538482,BM,Person,23.37,24.2,Y,,,,,,,
2538482,BM,Person,24.24,24.46,Y,,,,,,,
2538482,BM,Person,25.13,25.24,Y,,,,,,,
2538482,BM,Person,25.29,25.34,Y,,,,,,,
2538482,BM,Person,25.48,26.2,Y,,,,,,,
2538482,BM,Person,26.38,27.06,Y,,,,,,,
2538482,MP,,27.07,27.15,Y,,,,,,,
2538482,BM,Person,27.32,27.35,Y,,,,,,,
2538482,BM,Person,27.57,28.05,Y,,,,,,,
2538482,BM,Person,29.43,29.48,Y,,,,,,,
2538482,BM,Person,29.57,30,Y,,,,,,,
2538482,BM,Person,30.27,30.29,Y,,,,,,,
2538482,MP,,30.3,30.32,Y,,,,,,,
2538482,BM,Person,30.33,30.35,Y,,,,,,,
2538482,BM,Person,30.37,30.47,Y,,,,,,,
2538482,MP,,30.5,30.53,Y,,,,,,,
2538482,BM,Person,30.54,30.58,Y,,,,,,,
2538482,MP,,31.12,31.14,Y,,,,,,,
2538482,MP,,31.18,31.23,Y,,,,,,,
2538482,BM,Person,31.24,32.07,Y,,,,,,,
2538482,BM,Person,32.18,32.21,Y,,,,,,,
2538482,MP,,32.22,32.23,Y,,,,,,,
2538482,BM,Person,32.24,32.27,Y,,,,,,,
2538482,MP,,32.54,32.56,Y,,,,,,,
2538482,BM,Person,32.57,33.02,Y,,,,,,,
2538482,BM,Person,33.16,33.18,Y,,,,,,,
2538482,MP,,33.19,33.31,Y,,,,,,,
2538482,BM,Person,33.32,33.42,Y,,,,,,,
2538482,MP,,33.43,33.49,Y,,,,,,,
2538482,BM,Person,33.56,36.01,Y,,,,,,,
2538482,MP,,36.26,36.29,Y,,,,,,,
2538482,MP,,36.43,36.53,Y,,,,,,,
2538482,MP,,36.58,37.07,Y,,,,,,,
2538482,BM,Person,37.08,37.26,Y,,,,,,,
2538482,BM,Person,37.28,37.3,Y,,,,,,,
2538482,MP,,37.31,37.47,Y,,,,,,,
2538482,BM,Person,37.48,38.06,Y,,,,,,,
2538482,Imposter,,38.07,39.17,Y,,,,,,,
2538482,BM,Person,39.12,39.18,Y,,,,,,,
2538482,BM,Person,39.19,39.31,Y,,,,,,,
2538482,BM,Person,40.13,40.19,Y,,,,,,,
2538482,MP,,40.25,40.32,Y,,,,,,,
2538482,BM,Person,40.53,40.57,Y,,,,,,,
2538482,MP,,41.21,41.34,Y,,,,,,,
2538482,BM,Person,41.54,42.12,Y,,,,,,,
2538482,BM,Person,42.31,43.11,Y,,,,,,,
2538482,BM,Person,45.11,45.3,Y,,,,,,,
2538482,BM,Person,45.55,45.57,Y,,,,,,,
,,,,,,,,,,,,
2529597,LS,,0.06,0.14,Y,Correction-20/06/2020,,,,,,
2529597,LS,,0.16,0.17,N,Valid LS but it is only 1 Sec,,,,,,
2529597,UPD,Telephone,0.53,1.02,Y,FSLA-Re,,,,,,
2529597,MP,,96.11,96.15,Y,,,,,,,
2529597,Imposter,,96.16,98.06,Y,,,,,,,
2529597,BM,Person,97,97.09,Y,,,,,,,
2529597,MP,,97.26,98.05,Y,,,,,,,
2529597,UPD,Cellphone,99.15,99.19,Y,,,,,,,
2529597,UPD,Cellphone,99.25,99.31,Y,,,,,,,
2529597,LS,,99.35,103.56,Y,,,,,,,
,,,,,,,,,,,,
2529909,UPD,Headphones,0,14.01,Y,,,,,,,
2529909,BM,Person,0.38,0.4,Y,,,,,,,
2529909,BM,Person,1.49,1.51,Y,,,,,,,
2529909,BM,Person,6.11,6.12,Y,,,,,,,
2529909,BM,Person,7.34,7.38,Y,,,,,,,
2529909,MP,,7.39,7.43,Y,,,,,,,
2529909,BM,Person,10.06,10.08,Y,,,,,,,
2529909,Imposter,,11.11,14.02,Y,,,,,,,
2529909,BM,Person,11.16,11.18,Y,,,,,,,
2529909,BM,Person,11.45,12.39,Y,,,,,,,
2529909,BM,Person,13.57,13.59,Y,,,,,,,
2529909,UPD,Headphones,14.01,21.33,Y,,,,,,,
2529909,MP,,14,14.08,Y,,,,,,,
2529909,UPD,Cellphone,14.11,14.18,Y,,,,,,,
2529909,BM,Person,14.49,14.5,Y,,,,,,,
2529909,FSLA,,2.16,2.28,Y,,,,,,,
2529909,FSLA,,2.32,2.35,Y,,,,,,,
2529909,FSLA,,2.52,2.55,Y,,,,,,,
2529909,FSLA,,5.25,5.37,Y,,,,,,,
2529909,FSLA,,5.41,5.45,Y,,,,,,,
2529909,FSLA,,6.17,6.25,Y,,,,,,,
2529909,FSLA,,6.51,7.07,Y,,,,,,,
2529909,FSLA,,7.23,7.29,Y,,,,,,,
2529909,FSLA,,8.47,8.52,Y,,,,,,,
2529909,FSLA,,9.27,9.43,Y,,,,,,,
2529909,FSLA,,10.46,11.1,Y,,,,,,,
2529909,FSLA,,11.14,11.19,Y,,,,,,,
2529909,FSLA,,11.32,11.36,Y,,,,,,,
2529909,FSLA,,11.39,11.41,Y,,,,,,,
2529909,FSLA,,11.54,12.01,Y,,,,,,,
2529909,FSLA,,12.29,12.34,Y,,,,,,,
2529909,FSLA,,12.39,12.52,Y,,,,,,,
2529909,FSLA,,13.11,13.21,Y,,,,,,,
2529909,FSLA,,13.4,13.44,Y,,,,,,,
2529909,FSLA,,15.1,15.16,Y,,,,,,,
2529909,FSLA,,16.1,16.14,Y,,,,,,,
2529909,FSLA,,16.28,16.31,Y,,,,,,,
2529909,FSLA,,16.5,16.55,Y,,,,,,,
2529909,FSLA,,17.08,17.16,Y,,,,,,,
2529909,FSLA,,18.15,18.3,Y,,,,,,,
2529909,FSLA,,18.41,18.56,Y,,,,,,,
2529909,FSLA,,19.1,19.22,Y,,,,,,,
2529909,FSLA,,19.35,19.53,Y,,,,,,,
,,,,,,,,,,,,
2510644,BM,Person,0,0.1,Y,,,,,,,
2510644,BM,Person,0.12,0.16,Y,,,,,,,
2510644,BM,Person,0.19,0.53,Y,,,,,,,
2510644,MP,,0.54,1,Y,,,,,,,
2510644,BM,Person,1.01,1.14,Y,,,,,,,
2510644,Imposter,,1.28,1.59,Y,,,,,,,
2510644,LS,,2,39.59,Y,long,,,,,,
2510644,UPD,Cellphone,40.2,40.44,Y,,,,,,,
2510644,FSLA,,1.03,1.06,Y,,,,,,,
2510644,FSLA,,1.18,1.25,Y,,,,,,,
2510644,FSLA,,40.01,40.29,Y,,,,,,,
,,,,,,,,,,,,
2457283,LS,,56.27,56.46,Y,FSLA-Re,,,,,,
2457283,Imposter,,56.49,57.43,Y,,,,,,,
2457283,LS,,57.44,57.47,Y,,,,,,,
2457283,Imposter,,57.48,58.2,Y,,,,,,,
2457283,LS,,58.22,58.41,Y,,,,,,,
,,,,,,,,,,,,
2412339,BM,Person,4.59,5.07,Y,FSLA-Re,,,,,,
2412339,BM,Person,14.08,14.11,Y,,,,,,,
2412339,LS,,29.56,30.25,Y,,,,,,,
2412339,LS,,30.5,35.12,Y,,,,,,,
2412339,Imposter,,33.52,33.53,Y,,,,,,,
2412339,LS,,35.16,35.33,Y,,,,,,,
2412339,LS,,35.37,36.36,Y,,,,,,,
2412339,LS,,37.38,39.39,Y,,,,,,,
2412339,BM,Person,38.57,39,Y,,,,,,,
2412339,LS,,39.5,40.01,Y,,,,,,,
2412339,LS,,40.09,40.21,Y,,,,,,,
2412339,Imposter,,40.4,41.19,Y,,,,,,,
2412339,UPD,Cellphone,40.4,41.19,Y,,,,,,,
2412339,BM,Person,41.23,41.3,Y,,,,,,,
2412339,MP,,42.3,42.4,Y,,,,,,,
2412339,MP,,46.35,46.43,Y,,,,,,,
2412339,MP,,49.37,49.47,Y,,,,,,,
2412339,MP,,50.55,51.08,Y,,,,,,,
2412339,MP,,53.52,54.08,Y,,,,,,,
2412339,Imposter,,54.11,55.17,Y,,,,,,,
2412339,BM,Person,54.59,55.03,Y,,,,,,,
,,,,,,,,,,,,
2406953,BM,Person,0,0.42,Y,staff,,,,,,
2406953,BM,Person,1.05,1.07,Y,,,,,,,
2406953,BM,Person,1.21,1.23,Y,,,,,,,
2406953,BM,Person,1.28,1.45,Y,,,,,,,
2406953,BM,Person,1.51,1.54,Y,,,,,,,
2406953,BM,Person,2.07,2.22,Y,,,,,,,
2406953,BM,Person,3,3.15,Y,,,,,,,
2406953,FSLA,,0.35,0.41,Y,,,,,,,
2406953,FSLA,,0.44,2.59,Y,,,,,,,
,,,,,,,,,,,,
2406575,Imposter,,0.3,0.55,Y,,,,,,,
2406575,BM,Person,6.55,7.03,Y,,,,,,,
,,,,,,,,,,,,
2398903,BM,Person,0.13,0.16,Y,Staff,,,,,,
2398903,BM,Person,0.31,1.47,Y,,,,,,,
2398903,MP,,1.56,3,Y,,,,,,,
2398903,MP,,2.57,3.11,Y,,,,,,,
2398903,Imposter,,3,,Y,,,,,,,
2398903,BM,Person,3.12,3.42,Y,,,,,,,
2398903,MP,,3.43,3.45,Y,,,,,,,
2398903,BM,Person,3.46,4.24,Y,,,,,,,
2398903,MP,,4.24,4.37,Y,,,,,,,
2398903,BM,Person,4.29,4.45,Y,,,,,,,
2398903,MP,,4.46,7.42,Y,,,,,,,
2398903,BM,Person,4.52,6.35,Y,,,,,,,
2398903,BM,Person,6.37,7.5,Y,,,,,,,
2398903,BM,Person,7.52,7.59,Y,,,,,,,
2398903,BM,Person,8.37,9.25,Y,,,,,,,
2398903,Imposter,,9.21,9.33,Y,,,,,,,
2398903,BM,Person,9.33,11.06,Y,,,,,,,
2398903,MP,,10.08,10.28,Y,,,,,,,
2398903,MP,,10.31,10.58,Y,,,,,,,
2398903,FSLA,,0.01,0.04,N,True incident but not including,,,,,,
2398903,FSLA,,0.12,0.16,N,True incident but not including,,,,,,
2398903,FSLA,,0.28,0.32,N,True incident but not including,,,,,,
2398903,FSLA,,1.05,1.12,N,True incident but not including,,,,,,
2398903,FSLA,,1.16,1.22,N,True incident but not including,,,,,,
2398903,FSLA,,1.24,1.34,N,True incident but not including,,,,,,
,,,,,,,,,,,,
2397764,MP,,1.3,1.39,Y,Staff,,,,,,
2397764,LS,,4.1,4.29,Y,,,,,,,
2397764,Imposter,,4.3,5.25,Y,,,,,,,
2397764,LS,,5.26,5.41,Y,,,,,,,
2397764,FSLA,,2.09,2.38,Y,,,,,,,
2397764,FSLA,,3.03,3.21,Y,,,,,,,
,,,,,,,,,,,,
2391839,BM,Person,0,1.37,Y,Staff,,,,,,
2391839,MP,,1.38,4.2,Y,,,,,,,
2391839,BM,Person,1.4,4.4,Y,,,,,,,
2391839,UPD,Cellphone,1.58,6.28,Y,,,,,,,
2391839,MP,,4.26,5.18,Y,,,,,,,
2391839,BM,Person,5.19,6.17,Y,,,,,,,
,,,,,,,,,,,,
2382865,MP,,0,6.17,Y,,,,,,,
2382865,BM,Person,6.18,6.28,Y,,,,,,,
2382865,MP,,6.29,7.15,Y,,,,,,,
2382865,BM,Person,7.16,7.18,Y,,,,,,,
2382865,MP,,7.19,8.28,Y,,,,,,,
2382865,BM,Person,8.32,8.35,Y,,,,,,,
2382865,MP,,8.35,12.37,Y,,,,,,,
2382865,Imposter,,12.38,12.46,Y,,,,,,,
2382865,MP,,12.46,13.34,Y,,,,,,,
2382865,BM,Person,13.35,13.48,Y,,,,,,,
2382865,MP,,13.49,13.55,Y,,,,,,,
2382865,BM,Person,13.57,13.59,Y,,,,,,,
2382865,BM,Person,14.02,14.19,Y,,,,,,,
2382865,MP,,14.2,14.24,Y,,,,,,,
2382865,BM,Person,14.25,14.48,Y,,,,,,,
2382865,MP,,14.49,16.51,Y,,,,,,,
,,,,,,,,,,,,
2281234,UPD,Cellphone,13.27,13.57,Y,,,,,,,
2281234,UPD,Cellphone,15.01,15.21,Y,,,,,,,
2281234,LS,,19.28,38.53,Y,,,,,,,
2281234,Imposter,,38.53,38.57,Y,,,,,,,
2281234,LS,,38.58,39.03,Y,,,,,,,
2281234,LS,,39.05,41.15,Y,,,,,,,
,,,,,,,,,,,,
2672239,BM,Person,2.03,2.05,Y,,,,,,,
2672239,MP,,4.03,2.24,Y,,,,,,,
2672239,BM,Person,4.44,4.48,Y,,,,,,,
2672239,BM,Person,5.02,5.13,BMDI,,,,,,,
2672239,BM,Person,5.17,5.18,Y,,,,,,,
2672239,BM,Person,5.25,5.28,BMDI,,,,,,,
2672239,BM,Person,5.44,5.5,BMDI,,,,,,,
2672239,BM,Person,5.57,6.1,BMDI,,,,,,,
2672239,BM,Person,6.5,7.02,BMDI,,,,,,,
2672239,BM,Person,7.04,7.43,Y,,,,,,,
2672239,BM,Person,7.47,7.51,Y,,,,,,,
2672239,LS,,13.11,13.3,Y,Consulted with prabodh,,,,,,
2672239,LS,,13.31,14.16,Y,,,,,,,
2672239,BM,Person,14.24,14.3,Y,,,,,,,
2672239,LS,,14.36,15.21,Y,Corrections 21/06/2020,,,,,,
2672239,LS,,15.23,16.39,Y,,,,,,,
2672239,LS,,16.41,21.21,Y,Corrections 21/06/2020,,,,,,
2672239,LS,,21.24,21.46,Y,Corrections 21/06/2020,,,,,,
2672239,LS,,21.5,23.41,Y,,,,,,,
2672239,LS,,23.42,25.35,Y,,,,,,,
2672239,LS,,25.37,26.47,Y,,,,,,,
2672239,LS,,25.5,25.54,Y,,,,,,,
2672239,LS,,25.57,26,LT4S,,Less than 4 Sec,,,,,
2672239,LS,,26.01,26.13,Y,,,,,,,
2672239,LS,,26.16,26.48,Y,,,,,,,
2672239,LS,,26.5,27.54,Y,,,,,,,
2672239,LS,,27.57,28.34,Y,,,,,,,
2672239,BM,Person,33.27,33.29,Y,,,,,,,
2672239,BM,Person,35.33,35.36,Y,,,,,,,
2672239,BM,Person,39.13,39.14,Y,,,,,,,
2672239,BM,Person,40.37,40.39,Y,,,,,,,
2672239,BM,Person,40.51,40.56,Y,,,,,,,
2672239,BM,Person,41.24,41.26,Y,,,,,,,
2672239,BM,Person,41.54,41.56,Y,,,,,,,
2672239,BM,Person,42.07,42.09,Y,,,,,,,
2672239,BM,Person,42.19,42.22,Y,,,,,,,
2672239,BM,Person,42.39,42.41,Y,,,,,,,
2672239,BM,Person,42.54,42.57,Y,,,,,,,
2672239,Imposter,,47.11,47.36,Y,,,,,,,
2672239,Imposter,,50.15,51.56,Y,,,,,,,
2672239,BM,Person,50.49,51.14,BMDI,,,BM Detection Impossible,,,,
2672239,BM,Person,50.34,50.45,BMDI,,,BM Detection Impossible,,,,
2672239,BM,Person,50.5,51.15,BMDI,,,BM Detection Impossible,,,,
2672239,MP,,51.58,53.44,Y,,,,,,,
2672239,LS,,55.06,56.5,Y,,,,,,,
2672239,BM,Person,56.4,56.45,Y,,,,,,,
2672239,BM,Person,56.49,57.37,Y,,,,,,,
2672239,BM,Person,58.11,58.18,Y,,,,,,,
2672239,BM,Person,59.18,63.01,Y,,,,,,,
2672239,LS,,47.37,50.16,Y,Corrections 21/06/2020,,,,,,
2672239,LS,,57.38,59.02,Y,Corrections 21/06/2020,,,,,,
,,,,,,,,,,,,
,,,,,,,,,,,,
2651816,BM,Person,64.4,64.45,Y,,,,,,,
2651816,MP,,64.46,64.51,Y,,,,,,,
2651816,BM,Person,81.57,81.59,Y,,,,,,,
2651816,BM,Person,83.15,83.17,Y,,,,,,,
2651816,BM,Person,83.32,83.35,Y,,,,,,,
2651816,LS,,10.13,10.22,Y,Corrections 21/06/2020,,,,,,
2651816,LS,,10.33,13.4,Y,,,,,,,
2651816,LS,,13.47,22.41,Y,,,,,,,
2651816,LS,,22.46,26.13,Y,,,,,,,
2651816,LS,,26.17,46,Y,,,,,,,
2651816,LS,,46.09,47.1,Y,,,,,,,
2651816,LS,,47.13,48.58,Y,,,,,,,
2651816,LS,,49.03,50.1,Y,,,,,,,
2651816,LS,,50.23,56.31,Y,,,,,,,
2651816,LS,,56.46,59.46,Y,,,,,,,
2651816,LS,,59.51,62.04,Y,,,,,,,
2651816,LS,,62.08,64.41,Y,,,,,,,
2651816,LS,,65.01,67.58,Y,,,,,,,
2651816,LS,,68.13,68.2,Y,,,,,,,
2651816,LS,,68.26,71.55,Y,,,,,,,
2651816,LS,,72.08,74.53,Y,,,,,,,
2651816,LS,,74.56,75.1,Y,,,,,,,
2651816,LS,,75.49,81.15,Y,,,,,,,
2651816,LS,,81.28,81.57,Y,,,,,,,
2651816,LS,,82.02,83.14,Y,,,,,,,
2651816,LS,,83.19,83.22,Y,,,,,,,
2651816,LS,,83.34,88.14,Y,,,,,,,
,,,,,,,,,,,,
71715,BM,Person,0.13,0.15,Y,Staff,,,,,,
71715,BM,Person,1.1,1.12,Y,,,,,,,
71715,MP,,1.14,1.17,Y,,,,,,,
71715,BM,Person,3.25,3.3,Y,,,,,,,
71715,BM,Person,4.4,4.47,Y,,,,,,,
71715,BM,Person,4.53,4.56,Y,,,,,,,
71715,Imposter,,4.59,7.06,Y,,,,,,,
71715,BM,Person,5.11,5.13,Y,,,,,,,
71715,BM,Person,5.45,5.48,Y,,,,,,,
,,,,,,,,,,,,
71731,BM,Person,0.1,0.17,Y,Staff,,,,,,
71731,MP,,0.18,1.47,Y,,,,,,,
71731,BM,Person,1.53,1.58,Y,,,,,,,
71731,MP,,1.59,2.37,Y,,,,,,,
71731,BM,Person,3.21,3.25,Y,,,,,,,
71731,Imposter,,3.32,4.43,Y,,,,,,,
71731,left screen,,4.44,4.48,Y,,,,,,,
71731,BM,Person,4.51,5.07,Y,,,,,,,
71731,BM,Person,5.21,5.28,Y,,,,,,,
71731,MP,,5.29,5.38,Y,,,,,,,
,,,,,,,,,,,,
71720,UPD,Headphone,0,2.36,Y,Staff,,,,,,
71720,BM,Person,1.1,1.13,Y,,,,,,,
71720,MP,,2.23,2.28,Y,,,,,,,
71720,BM,Person,2.29,2.32,Y,,,,,,,
71720,MP,,2.33,2.38,Y,,,,,,,
71720,Imposter,,2.39,6.12,Y,,,,,,,
71720,BM,Person,2.52,2.58,Y,,,,,,,
71720,BM,Person,3.17,3.23,Y,,,,,,,
71720,BM,Person,4.06,4.08,Y,,,,,,,
71720,BM,Person,4.13,4.15,Y,,,,,,,
71720,BM,Person,5.1,5.16,Y,,,,,,,
71720,BM,Person,5.44,5.48,Y,,,,,,,
71720,MP,,6.06,6.12,Y,,,,,,,
,,,,,,,,,,,,
71728,BM,Person,0.27,0.33,Y,Staff,,,,,,
71728,MP,,0.43,0.48,Y,,,,,,,
71728,BM,Person,1.01,1.04,Y,,,,,,,
71728,MP,,1.05,1.39,Y,,,,,,,
71728,BM,Person,1.4,2.25,Y,,,,,,,
71728,Imposter,,2.26,3.14,Y,,,,,,,
71728,BM,Person,3.15,3.17,Y,,,,,,,
,,,,,,,,,,,,
71729,Imposter,,3.04,4.15,Y,Staff,,,,,,
71729,MP,,3.53,4.09,Y,,,,,,,
71729,UPD,Cellphone,4.3,4.42,Y,,,,,,,
,,,,,,,,,,,,
2656509,LS,,0,0.04,Y,,,,,,,
2656509,LS,,60.39,60.47,Y,,,,,,,
,,,,,,,,,,,,
,,,,,,,,,,,,
2595744,BM,Person,0,1.02,Y,,,,,,,
2595744,MP,,1.03,1.05,Y,,,,,,,
2595744,BM,Person,1.06,3.14,Y,,,,,,,
2595744,BM,Person,3.2,5.2,Y,,,,,,,
2595744,BM,Person,5.24,5.42,Y,,,,,,,
2595744,BM,Person,5.52,6.18,Y,,,,,,,
2595744,BM,Person,6.37,6.49,Y,,,,,,,
2595744,BM,Person,6.55,7.58,Y,,,,,,,
2595744,MP,,7.59,8.02,Y,,,,,,,
2595744,BM,Person,8.03,8.37,Y,,,,,,,
2595744,BM,Person,8.57,10.1,Y,,,,,,,
2595744,MP,,10.11,10.42,Y,,,,,,,
2595744,BM,Person,10.47,10.55,Y,,,,,,,
,,,,,,,,,,,,
2644858,LS,,10.43,10.45,Y,,,,,,,
2644858,BM,Person,11.04,11.07,Y,,,,,,,
2644858,MP,,11.08,11.14,Y,,,,,,,
,,,,,,,,,,,,
2646901,LS,,115.19,116.42,Y,,,,,,,
2646901,BM,Person,116.43,117.13,Y,,,,,,,
2646901,BM,Person,136.53,136.55,Y,,,,,,,
2646901,BM,Person,139.51,139.59,Y,,,,,,,
2646901,BM,Person,140.39,140.52,Y,,,,,,,
2646901,BM,Person,141.08,141.28,Y,,,,,,,
2646901,BM,Person,141.31,145.1,Y,,,,,,,
2646901,MP,,145.35,146.27,Y,,,,,,,
2646901,BM,Person,146.28,146.44,Y,,,,,,,
2646901,MP,,146.45,148.57,Y,,,,,,,
2646901,LS,,148.58,152.15,Y,,,,,,,
2646901,Left screen,,152.16,152.31,Y,,"Consulted with Himanshu sir for Left screen,BM",,,,,
2646901,LS,,152.32,152.45,N,,Corrections 21/06/2020,,,,,
2646901,LS,,152.47,153.18,N,,Corrections 21/06/2021,,,,,
2646901,BM,Person,153.19,153.36,Y,,,,,,,
2646901,LS,,153.54,155.04,Y,Corrections,,,,,,
,,,,,,,,,,,,
2655744,UPD,Headphones,0,32.06,Y,long,,,,,,
2655744,BM,Person,1.11,1.12,Y,,,,,,,
2655744,BM,Person,4.32,4.33,Y,,,,,,,
2655744,BM,Person,5.21,5.24,Y,,,,,,,
2655744,MP,,6.29,6.31,Y,,,,,,,
2655744,BM,Person,6.32,6.35,Y,,,,,,,
2655744,BM,Person,6.39,6.41,Y,,,,,,,
2655744,BM,Person,16.11,16.35,Y,,,,,,,
2655744,BM,Person,16.4,16.53,Y,,,,,,,
2655744,BM,Person,17.16,16.22,Y,,,,,,,
2655744,BM,Person,19.03,19.24,Y,,,,,,,
2655744,BM,Person,19.34,19.41,Y,,,,,,,
2655744,BM,Person,19.53,20.17,Y,,,,,,,
2655744,BM,Person,23.43,23.49,Y,,,,,,,
2655744,BM,Person,23.54,24.15,Y,,,,,,,
2655744,BM,Person,24.17,24.24,Y,,,,,,,
2655744,BM,Person,24.27,25.52,Y,,,,,,,
2655744,BM,Person,35.35,35.4,Y,,,,,,,
2655744,LS,,103.02,103.04,Y,,,,,,,
2655744,LS,,103.08,104.25,Y,,,,,,,
2655744,LS,,112.37,112.53,Y,,,,,,,
2655744,MP,,121.11,121.13,Y,,,,,,,
2655744,BM,Person,121.14,121.18,Y,,,,,,,
2655744,MP,,121.19,121.23,Y,,,,,,,
2655744,LS,,145.11,146.16,Y,,,,,,,
,,,,,,,,,,,,
2653350,UPD,Headphones,0,23.5,Y,long,,,,,,
2653350,MP,,23.34,23.39,Y,,,,,,,
2653350,BM,Person,23.4,23.47,Y,,,,,,,
2653350,MP,,23.48,23.5,Y,,,,,,,
,,,,,,,,,,,,
2658531,Left screen,,5.56,6.1,Y,,,,,,,
2658531,LS,,6.11,6.33,Y,,,,,,,
2658531,BM,Person,7.12,7.17,Y,,,,,,,
2658531,BM,Person,7.24,7.28,Y,,,,,,,
2658531,MP,,7.51,7.54,Y,,,,,,,
2658531,BM,Person,7.59,8,Y,,,,,,,
2658531,BM,Person,8.2,8.23,Y,,,,,,,
2658531,BM,Person,8.49,8.5,Y,,,,,,,
,,,,,,,,,,,,
,,,,,,,,,,,,
1110846,left screen,,53.16,53.2,Y,,do not include in ML feedback,,,,,
1110846,LS,,53.21,53.33,Y,,,,,,,
1110846,LS,,53.47,53.52,Y,,,,,,,
1110846,BM,Person,68.02,68.12,Y,,,,,,,
1110846,BM,Person,68.51,68.53,Y,,,,,,,
1110846,BM,Person,69.14,69.41,Y,,,,,,,
1110846,BM,Person,69.44,69.47,Y,,,,,,,
1110846,BM,Person,70.05,70.29,Y,,,,,,,
1110846,BM,Person,70.31,70.55,Y,,,,,,,
1110846,BM,Person,71,71.43,Y,,,,,,,
1110846,BM,Person,71.46,72.22,Y,,,,,,,
1110846,BM,Person,72.34,72.42,Y,,,,,,,
1110846,BM,Person,72.53,73.07,Y,,,,,,,
1110846,BM,Person,73.57,74.16,Y,,,,,,,
1110846,BM,Person,75.08,76.5,Y,,,,,,,
1110846,MP,,76.51,77.01,Y,,,,,,,
1110846,BM,Person,77.02,78.55,Y,,,,,,,
1110846,BM,Person,79.01,80.54,Y,,,,,,,
1110846,BM,Person,81.1,81.32,Y,,,,,,,
1110846,BM,Person,81.34,81.52,Y,,,,,,,
1110846,UPD,Telephone,82.21,82.3,Y,,,,,,,
1110846,UPD,Telephone,82.31,82.46,Y,,,,,,,
1110846,UPD,Telephone,85.02,85.05,Y,,,,,,,
1110846,BM,Person,86.21,86.26,Y,,,,,,,
1110846,BM,Person,86.38,86.41,Y,,,,,,,
1110846,BM,Person,87.05,87.07,Y,,,,,,,
1110846,left screen,,87.05,87.09,Y,,,,,,,
1110846,LS,,87.1,87.26,Y,,,,,,,
1110846,left screen,,87.27,87.3,Y,,,,,,,
1110846,LS,,87.45,87.5,Y,,,,,,,
1110846,BM,Person,88.09,88.12,Y,,,,,,,
1110846,MP,,88.13,88.23,Y,,,,,,,
1110846,BM,Person,91.11,91.29,Y,,,,,,,
1110846,left screen,,93.53,93.55,Y,,,,,,,
1110846,LS,,93.56,93.59,Y,,,,,,,
1110846,left screen,,94,94.02,Y,,,,,,,
1110846,BM,Person,97.53,98.01,Y,,,,,,,
1110846,BM,Person,105.15,105.26,Y,,,,,,,
1110846,BM,Person,105.33,105.35,Y,,,,,,,
1110846,BM,Person,105.37,105.43,Y,,,,,,,
1110846,BM,Person,106.26,106.31,Y,,,,,,,
1110846,BM,Person,106.32,106.34,Y,,,,,,,
1110846,BM,Person,106.46,106.5,Y,,,,,,,
1110846,BM,Person,106.51,106.54,Y,,,,,,,
1110846,BM,Person,107.07,107.11,Y,,,,,,,
1110846,BM,Person,108.1,108.12,Y,,,,,,,
1110846,BM,Person,108.16,108.29,Y,,,,,,,
1110846,BM,Person,108.35,108.5,Y,,,,,,,
1110846,BM,Person,109.08,109.14,Y,,,,,,,
1110846,BM,Person,109.28,109.35,Y,,,,,,,
1110846,MP,,109.36,110.09,Y,,,,,,,
1110846,BM,Person,109.44,109.47,Y,,,,,,,
1110846,BM,Person,109.51,110.21,Y,,,,,,,
1110846,MP,,110.22,110.37,Y,,,,,,,
1110846,BM,Person,110.38,110.41,Y,,,,,,,
1110846,BM,Person,111.08,111.17,Y,,,,,,,
1110846,BM,Person,111.27,111.28,Y,,,,,,,
1110846,BM,Person,113.22,113.25,Y,,,,,,,
1110846,BM,Person,113.33,113.36,Y,,,,,,,
1110846,BM,Person,114.03,114.08,Y,,,,,,,
1110846,BM,Person,115.09,115.11,Y,,,,,,,
1110846,BM,Person,115.31,115.47,Y,,,,,,,
1110846,MP,,115.49,115.53,Y,,,,,,,
1110846,BM,Person,116.09,116.19,Y,,,,,,,
1110846,left screen,,117.53,117.55,Y,,,,,,,
1110846,LS,,117.56,118.28,Y,,,,,,,
1110846,left screen,,118.29,118.31,Y,,,,,,,
1110846,BM,Person,121.5,122,Y,,,,,,,
1110846,left screen,,126.17,126.25,Y,,,,,,,
1110846,Imposter,,126.26,134.37,Y,,,,,,,
1110846,Imposter,,135.22,137.42,Y,,,,,,,
1110846,Imposter,,137.44,138.55,Y,,,,,,,
1110846,Imposter,,139.06,140.13,Y,,,,,,,
1110846,Imposter,,140.17,141.47,Y,,,,,,,
1110846,Imposter,,142.33,142.39,Y,,,,,,,
1110846,UPD,Telephone,130.49,131.49,Y,,,,,,,
1110846,UPD,Telephone,132.19,132.56,Y,,,,,,,
1110846,UPD,Telephone,132.59,133.48,Y,,,,,,,
1110846,BM,Person,133.15,133.18,Y,,,,,,,
1110846,BM,Person,134.04,134.34,Y,,,,,,,
1110846,UPD,Telephone,134.04,134.2,Y,,,,,,,
1110846,MP,,134.35,135.35,Y,,,,,,,
1110846,BM,Person,135.36,135.5,Y,,,,,,,
1110846,UPD,Telephone,135.45,136.44,Y,,,,,,,
1110846,MP,,135.51,135.57,Y,,,,,,,
1110846,BM,Person,135.58,136.2,Y,,,,,,,
1110846,UPD,Telephone,137.23,138.5,Y,,,,,,,
1110846,MP,,137.41,137.46,Y,,,,,,,
1110846,BM,Person,138.06,138.08,Y,,,,,,,
1110846,MP,,138.55,139.05,Y,,,,,,,
1110846,MP,,139.09,139.16,Y,,,,,,,
1110846,MP,,140.05,140.23,Y,,,,,,,
1110846,MP,,141.12,141.16,Y,,,,,,,
1110846,MP,,141.18,141.2,Y,,,,,,,
1110846,BM,Person,141.21,141.45,Y,,,,,,,
1110846,MP,,141.46,142.56,Y,,,,,,,
,,,,,,,,,,,,
,,,,,,,,,,,,
48858,BM,Person,0,0.11,Y,,,,,,,
48858,BM,Person,0.16,0.19,Y,,,,,,,
48858,left screen,,0.42,0.44,Y,,,,,,,
48858,MP,,0.5,0.54,Y,,,,,,,
48858,Imposter,,0.55,1.15,Y,,,,,,,
,,,,,,,,,,,,
49061,BM,Person,0,0.33,Y,,,,,,,
49061,left screen,,0.34,0.37,Y,,,,,,,
49061,MP,,0.38,0.42,Y,,,,,,,
49061,Imposter,,0.43,0.59,Y,,,,,,,
49061,BM,Person,0.44,0.49,Y,,,,,,,
49061,MP,,0.5,0.59,Y,,,,,,,
49061,BM,Person,0.56,0.59,Y,,,,,,,
49061,BM,Person,1.18,1.21,Y,,,,,,,
49061,BM,Person,1.34,1.36,Y,,,,,,,
49061,BM,Person,1.49,2.04,Y,,,,,,,
49061,Imposter,,2.05,2.18,Y,,,,,,,
49061,BM,Person,2.19,2.41,Y,,,,,,,
,,,,,,,,,,,,
49062,left screen,,1.08,1.1,Y,,,,,,,
49062,Imposter,,1.11,1.46,Y,,,,,,,
49062,left screen,,1.47,1.5,Y,,,,,,,
49062,BM,Person,2,2.17,Y,,,,,,,
49062,MP,,2.18,2.33,Y,,,,,,,
49062,BM,Person,2.4,2.59,Y,,,,,,,
49062,Imposter,,3,3.37,Y,,,,,,,
49062,BM,Person,3.11,3.14,Y,,,,,,,
49062,BM,Person,3.2,3.28,Y,,,,,,,
49062,left screen,,3.35,3.37,Y,,,,,,,
,,,,,,,,,,,,
2722034,UPD,Cellphone,0.53,0.56,Y,,,,,,,
2722034,LS,,1,1.02,Y,,,,,,,
2722034,MP,,1.18,1.21,Y,,,,,,,
2722034,BM,Person,1.22,1.25,Y,,,,,,,
2722034,MP,,1.26,1.28,Y,,,,,,,
2722034,left screen,,1.3,1.32,Y,,,,,,,
2722034,Imposter,,1.33,1.42,Y,,,,,,,
2722034,BM,Person,1.39,1.42,Y,,,,,,,
,,,,,,,,,,,,
,,,,,,,,,,,,
2645523,UPD,Headphones,0,59.28,Y,Long,,,,,,
2645523,BM,Person,3.59,4.01,Y,,,,,,,
2645523,BM,Person,48.17,48.2,Y,,,,,,,
2645523,MP,,48.19,48.26,Y,,,,,,,
2645523,BM,Person,51.22,51.24,Y,,,,,,,
2645523,BM,Person,51.3,51.32,Y,,,,,,,
2645523,MP,,51.33,51.42,Y,,,,,,,
2645523,BM,Person,52.08,52.14,Y,,,,,,,
,,,,,,,,,,,,
2650328,BM,Person,50.54,51.01,Y,,,,,,,
2650328,BM,Person,67.22,67.24,Y,,,,,,,
2650328,MP,,67.24,67.51,Y,,,,,,,
2650328,BM,Person,67.53,67.56,Y,,,,,,,
2650328,BM,Person,68.03,68.07,Y,,,,,,,
2650328,MP,,68.08,68.21,Y,,,,,,,
2650328,BM,Person,68.22,68.26,Y,,,,,,,
,,,,,,,,,,,,
2661345,LS,,0.54,0.56,Y,,,,,,,
2661345,BM,Person,79.05,79.15,Y,,,,,,,
2661345,MP,,79.16,79.36,Y,,,,,,,
2661345,BM,Person,79.37,79.39,Y,,,,,,,
2661345,MP,,79.4,79.46,Y,,,,,,,
2661345,BM,Person,79.47,80.21,Y,,,,,,,
2661345,MP,,80.22,80.3,Y,,,,,,,
2661345,BM,Person,80.31,81.15,Y,,,,,,,
2661345,MP,,81.16,82.33,Y,,,,,,,
2661345,BM,Person,82.24,82.55,Y,,,,,,,
2661345,MP,,82.56,83.31,Y,,,,,,,
2661345,BM,Person,83.32,83.34,Y,,,,,,,
,,,,,,,,,,,,
2663065,LS,,95.32,95.47,Y,,,,,,,
2663065,MP,,96,37.02,Y,,,,,,,
,,,,,,,,,,,,
2667101,LS,,0.35,0.44,Y,,,,,,,
2667101,BM,Person,3.06,3.08,Y,,,,,,,
2667101,MP,,3.09,3.14,Y,,,,,,,
2667101,BM,Person,3.15,3.19,Y,,,,,,,
,,,,,,,,,,,,
2665228,BM,Person,1.35,1.4,Y,,,,,,,
2665228,MP,,1.41,1.42,Y,,,,,,,
2665228,BM,Person,1.43,1.45,Y,,,,,,,
2665228,BM,Person,11.58,12.27,Y,,,,,,,
2665228,BM,Person,24.24,24.41,Y,,,,,,,
2665228,BM,Person,24.43,24.5,Y,,,,,,,
2665228,BM,Person,32.19,32.2,Y,,,,,,,
2665228,BM,Person,61.47,61.48,Y,,,,,,,
,,,,,,,,,,,,
2667306,UPD,Cellphone,6.16,6.27,Y,,,,,,,
2667306,UPD,Cellphone,23.17,23.38,Y,,,,,,,
2667306,MP,,25.44,26.12,Y,,,193,,,,
,,,,,,,,,,,,
2722433,BM,Person,0.24,0.3,Y,,,,,,,
2722433,MP,,0.31,0.32,Y,,,,,,,
2722433,BM,Person,0.33,0.45,Y,,,,,,,
,,,,,,,,,,,,
2723227,LS,,0.23,1.21,Y,,,,,,,
2723227,BM,Person,7.32,7.33,Y,,,,,,,
2723227,MP,,7.34,8.17,Y,,,,,,,
2723227,BM,Person,8.18,8.27,Y,,,,,,,
,,,,,,,,,,,,
2723172,MP,,2.51,2.56,Y,,,,,,,
,,,,,,,,,,,,
2725069,MP,,0.37,1.58,Y,,,,,,,
2725069,BM,Person,3.3,3.33,Y,,,,,,,
2725069,BM,Person,7.58,8.01,Y,,,,,,,
2725069,BM,Person,8.05,8.07,Y,,,,,,,
2725069,BM,Person,13.28,13.31,Y,,,,,,,
2725069,BM,Person,18.55,18.57,Y,,,,,,,
2725069,BM,Person,19.23,19.25,Y,,,,,,,
2725069,BM,Person,20.43,21,Y,,,,,,,
,,,,,,,,,,,,
,,,,,,,,,,,,
2635345,FSLA,,1.2,1.27,Y,,Starting FSLA Lablelling ,,,,,
2635345,FSLA,,11.17,11.32,Y,,23/06/2020,,,,,
2635345,FSLA,,11.56,12.16,Y,,,,,,,
2635345,FSLA,,12.29,12.53,Y,,,,,,,
2635345,FSLA,,13.19,13.34,Y,,,,,,,
2635345,FSLA,,13.39,13.58,Y,,,,,,,
2635345,FSLA,,22.52,23.01,Y,,,,,,,
2635345,FSLA,,29.54,30.03,Y,,,,,,,
2635345,FSLA,,31.3,31.36,Y,,,,,,,
2635345,SEM,,36.31,37.05,Y,,,,,,,
2635345,FSLA,,38.02,38.14,Y,,,,,,,
2635345,FSLA,,40.57,41.01,Y,,,,,,,
,,,,,,,,,,,,
2538482,FSLA,,5.22,5.28,Y,,,,,,,
2538482,FSLA,,6.03,6.13,Y,,,,,,,
2538482,FSLA,,7.2,7.41,Y,,,,,,,
2538482,FSLA,,14.49,14.55,Y,,,,,,,
2538482,FSLA,,15.01,26.38,Y,,,,,,,
2538482,FSLA,,27.22,28.36,Y,,,,,,,
2538482,FSLA,,28.56,30.21,Y,,,,,,,
2538482,FSLA,,32.35,32.38,Y,,,,,,,
2538482,FSLA,,35.04,35.08,Y,,,,,,,
2538482,FSLA,,36.06,36.22,Y,,,,,,,
2538482,FSLA,,37.07,37.12,Y,,,,,,,
2538482,FSLA,,41.45,41.5,Y,,,,,,,
2538482,FSLA,,42.09,42.22,Y,,,,,,,
2538482,FSLA,,43.11,44.51,Y,,,,,,,
2538482,FSLA,,45.24,45.54,Y,,,,,,,
,,,,,,,,,,,,
2661064,FSLA,,0.44,1.06,Y,,,,,,,
2661064,FSLA,,1.2,1.37,Y,,,,,,,
2661064,FSLA,,9.17,9.23,Y,,,,,,,
2661064,FSLA,,9.31,9.34,Y,,,,,,,
2661064,FSLA,,25.54,25.59,Y,,,,,,,
2661064,FSLA,,30.51,31.05,Y,,,,,,,
2661064,FSLA,,31.59,32.04,Y,,,,,,,
2661064,FSLA,,34.3,34.35,Y,,,,,,,
2661064,FSLA,,44.49,44.53,Y,,,,,,,
2661064,FSLA,,44.59,45.03,Y,,,,,,,
2661064,FSLA,,45.19,45.28,Y,,,,,,,
2661064,FSLA,,45.42,45.48,Y,,,,,,,
2661064,FSLA,,45.53,45.59,Y,,,,,,,
2661064,FSLA,,46.08,46.17,Y,,,,,,,
2661064,FSLA,,46.23,46.38,Y,,,,,,,
2661064,FSLA,,46.44,46.54,Y,,,,,,,
2661064,FSLA,,46.57,47.03,Y,,,,,,,
2661064,FSLA,,47.2,47.25,Y,,,,,,,
2661064,FSLA,,47.35,50.06,Y,,,,,,,
2661064,FSLA,,50.16,50.21,Y,,,,,,,
2661064,LS,,50.22,50.45,Y,,,,,,,
2661064,FSLA,,50.46,51.08,Y,,,,,,,
2661064,LS,,51.09,52.42,Y,,,,,,,
2661064,FSLA,,52.43,52.56,Y,,,,,,,
2661064,FSLA,,53.01,53.19,Y,,,,,,,
2661064,LS,,53.2,53.36,Y,,,,,,,
2661064,FSLA,,53.37,54.4,Y,,,,,,,
2661064,FSLA,,54.44,55.35,Y,,,,,,,
2661064,LS,,55.4,57.11,Y,,,,,,,
2661064,FSLA,,58,58.12,Y,,,,,,,
2661064,FSLA,,58.23,58.32,Y,,,,,,,
2661064,FSLA,,58.47,60.26,Y,,,,,,,
2661064,FSLA,,60.29,61.21,Y,,,,,,,
2661064,FSLA,,62.15,62.23,Y,,,,,,,
2661064,FSLA,,62.42,62.49,Y,,,,,,,
2661064,FSLA,,62.59,63.09,Y,,,,,,,
2661064,FSLA,,63.21,63.3,Y,,,,,,,
2661064,FSLA,,64.04,63.16,Y,,,,,,,
2661064,FSLA,,64.33,65.03,Y,,,,,,,
2661064,FSLA,,71.16,73.29,Y,,,,,,,
2661064,FSLA,,75.35,75.43,Y,,,,,,,
2661064,FSLA,,75.57,76.05,Y,,,,,,,
2661064,FSLA,,77.4,77.44,Y,,,,,,,
2661064,FSLA,,87.26,87.36,Y,,,,,,,
2661064,FSLA,,87.48,87.59,Y,,,,,,,
2661064,FSLA,,88.13,88.33,Y,,,,,,,
2661064,FSLA,,91.22,91.28,Y,,,,,,,
2661064,FSLA,,92.24,92.38,Y,,,,,,,
,,,,,,,,,,,,
2658531,FSLA,,5.27,5.3,Y,,,,,,,
2658531,FSLA,,7.18,7.22,Y,,,,,,,
2658531,FSLA,,7.53,8.04,Y,,,,,,,
2658531,FSLA,,8.12,8.17,Y,,,,,,,
2658531,FSLA,,9.53,10,Y,,,,,,,
,,,,,,,,,,,,
2572904,FSLA,,5.15,5.21,Y,,,,,,,
2572904,FSLA,,8.04,8.1,Y,,,,,,,
2572904,FSLA,,8.57,9,Y,,,,,,,
2572904,FSLA,,10.37,10.44,Y,,,,,,,
2572904,FSLA,,14.41,14.5,Y,,,,,,,
2572904,FSLA,,15.34,15.38,Y,,,,,,,
2572904,FSLA,,17.11,17.39,Y,,,,,,,
2572904,FSLA,,21.25,21.35,Y,,,,,,,
2572904,FSLA,,22.47,23,Y,,,,,,,
2572904,FSLA,,23.44,23.53,Y,,,,,,,
2572904,FSLA,,24.03,24.13,Y,,,,,,,
2572904,FSLA,,24.39,25.01,Y,,,,,,,
2572904,FSLA,,25.16,25.33,Y,,,,,,,
2572904,FSLA,,25.53,26.31,Y,,,,,,,
2572904,FSLA,,26.39,28.58,Y,,,,,,,
2572904,FSLA,,27.04,27.57,Y,,,,,,,
2572904,FSLA,,28.06,29.04,Y,,,,,,,
2572904,FSLA,,29.19,29.56,Y,,,,,,,
2572904,FSLA,,30.24,30.3,Y,,,,,,,
2572904,FSLA,,30.41,31.34,Y,,,,,,,
2572904,FSLA,,32.46,33.33,Y,,,,,,,
2572904,FSLA,,33.53,35.41,Y,,,,,,,
2572904,FSLA,,35.46,36.04,Y,,,,,,,
2572904,FSLA,,36.17,36.35,Y,,,,,,,
2572904,FSLA,,36.41,37.02,Y,,,,,,,
2572904,FSLA,,37.09,37.31,Y,,,,,,,
2572904,FSLA,,39.17,39.2,Y,,,,,,,
2572904,FSLA,,41.2,41.26,Y,,,,,,,
2572904,FSLA,,46.3,46.39,Y,,,,,,,
2572904,FSLA,,50.15,50.46,Y,,,,,,,
,,,,,,,,,,,,
3178222,BM,Person,0,0.17,Y,,LS Missed,not from ML Feedback,,,,
3178222,BM,Person,2.28,2.48,Y,,,,,,,
3178222,BM,Person,5.25,7.33,Y,,,,,,,
3178222,BM,Person,7.51,10.26,Y,,,,,,,
3178222,BM,Person,10.31,19.47,Y,,,,,,,
3178222,BM,Person,20.12,22.44,Y,,,,,,,
3178222,BM,Person,23.18,24.04,Y,,,,,,,
3178222,BM,Person,25.2,26.01,Y,,,,,,,
3178222,BM,Person,26.06,26.32,Y,,,,,,,
3178222,BM,Person,28.43,28.47,Y,,,,,,,
3178222,BM,Person,32.07,32.11,Y,,,,,,,
3178222,BM,Person,32.19,32.22,Y,,,,,,,
3178222,LS,,33.32,34.49,Y,,,,,,,
3178222,Left screen,,38.19,38.29,Y,,,,,,,
3178222,LS,,40.39,40.46,Y,,,,,,,
,,,,,,,,,,,,
3160787,BM,,20.5,20.52,Y,LT4S,MP Missed,,,,,
3160787,MP,,20.53,20.55,Y,LT4S,,,,,,
3160787,BM,,20.56,20.58,Y,LT4S,,,,,,
,,,,,,,,,,,,
3180140,MP,,10.58,11.03,Y,,MP Missed,,,,,
,,,,,,,,,,,,
3185232,Left screen,,5.05,5.17,Y,,MP Missed,,,,,
3185232,LS,,5.18,5.23,Y,,,,,,,
3185232,Left screen,,5.24,5.27,Y,,,,,,,
3185232,LS,,5.28,5.33,Y,,,,,,,
3185232,Left screen,,5.34,5.39,Y,,,,,,,
3185232,LS,,5.4,5.48,Y,,,,,,,
3185232,BM ,Person,6.45,6.5,Y,,,,,,,
3185232,MP,,7.32,7.38,Y,,,,,,,
3185232,BM ,Person,8.28,8.35,Y,,,,,,,
,,,,,,,,,,,,
3185660,LS,,0.47,1.19,Y,,MP Missed,,,,,
3185660,LS,,1.24,1.31,Y,,,,,,,
3185660,LS,,2.17,4.56,Y,,,,,,,
3185660,LS,,53.25,53.27,Y,LT4S,,,,,,
3185660,LS,,57.48,58.16,Y,,,,,,,
3185660,LS,,88.47,88.52,Y,,,,,,,
3185660,LS,,89.03,89.31,Y,,,,,,,
3185660,MP,,89.32,89.33,Y,LT4S,,,,,,
3185660,LS,,89.55,91.16,Y,,,,,,,
3185660,MP,,91.21,91.37,Y,,,,,,,
3185660,BM,Person,92.09,92.19,Y,,,,,,,
3185660,MP,,92.2,92.29,Y,,,,,,,
3185660,MP,,93.57,93.59,Y,,,,,,,
3185660,MP,,94.39,94.47,Y,,,,,,,
3185660,MP,,94.52,95,Y,,,,,,,
3185660,BM,Person,95.02,95.27,Y,,,,,,,
3185660,MP,,95.28,95.3,Y,LT4S,,,,,,
3185660,MP,,95.39,95.43,Y,,,,,,,
3185660,MP,,95.47,95.53,Y,,,,,,,
3185660,BM,Person,95.54,96.09,Y,,,,,,,
3185660,LS,,96.17,98.07,Y,,,,,,,
3185660,LS,,98.24,98.28,Y,,,,,,,
3185660,MP,,98.29,98.3,Y,LT4S,,,,,,
3185660,MP,,98.3,98.51,Y,,,,,,,
3185660,Imposter,,98.52,98.54,Y,LT4S,,,,,,
3185660,LS,,98.55,98.57,Y,LT4S,,,,,,
3185660,MP,,98.58,99.09,Y,,,,,,,
3185660,MP,,99.11,99.27,Y,,,,,,,
3185660,BM,Person,99.3,99.42,Y,,,,,,,
,,,,,,,,,,,,
3190142,LS,,0.26,0.33,Y,,MP Missed,,,,,
3190142,LS,,11.37,12.06,Y,,,,,,,
3190142,BM,Person,12.11,12.15,Y,,,,,,,
3190142,MP,,12.16,12.29,Y,,,,,,,
3190142,BM,Person,12.3,12.38,Y,,,,,,,
3190142,MP,,12.39,13.08,Y,,,,,,,
3190142,BM,Person,13.09,13.25,Y,,,,,,,
3190142,MP,,13.26,14.01,Y,,,,,,,
3190142,MP,,14.04,14.17,Y,,,,,,,
3190142,BM,Person,14.18,14.26,Y,,,,,,,
3190142,MP,,14.27,15.37,Y,,,,,,,
3190142,LS,,31.17,31.33,Y,,,,,,,
3190142,LS,,47.2,47.54,Y,Face not visible ,,,,,,
3190142,MP,,74.02,74.09,Y,,,,,,,
3190142,LS,,74.1,74.36,Y,,,,,,,
3190142,LS,,75.29,75.32,Y,LT4S,,,,,,
,,,,,,,,,,,,
3196063,BM,Person,40.44,40.55,Y,,MP Missed,,,,,
3196063,MP,,40.58,41.03,Y,,,,,,,
3196063,BM,Person,42.02,43.38,Y,,BM Detection Impossible,,,,,
3196063,BM,Person,43.53,44.17,Y,,BM Detection Impossible,,,,,
,,,,,,,,,,,,
3197086,MP,,0.11,0.16,Y,MP Missed,,,,,,
3197086,BM,Person,0.17,0.33,Y,,,,,,,
3197086,Imposter,,0.35,1.02,Y,MP confusion,,,,,,
3197086,MP,,1.09,1.2,Y,,,,,,,
,,,,,,,,,,,,
3202872,MP,,95.21,95.28,Y,MP Missed,,,,,,
3202872,MP,,95.32,95.34,Y,,,,,,,
,,,,,,,,,,,,
3202498,Left screen,,37.01,37.13,Y,MP Missed,,,,,,
3202498,BM,Person,37.15,37.17,Y,LT4S,,,,,,
3202498,MP,,37.18,37.22,Y,,,,,,,
3202498,MP,,37.36,39.12,Y,,,,,,,
3202498,BM,Person,39.23,39.27,Y,,,,,,,
3202498,MP,,39.28,40,Y,,,,,,,
3202498,BM,Person,40.01,40.1,Y,,,,,,,
3202498,MP,,40.27,40.5,Y,,,,,,,
,,,,,,,,,,,,
3204671,LS,,13.27,13.37,Y,"MP,LS Missed",,,,,,
3204671,LS,,13.49,14.12,Y,,,,,,,
3204671,MP,,14.14,16.1,Doubt,,,,,,,
3204671,LS,,16.11,16.27,Y,,,,,,,
,,,,,,,,,,,,
3207606,MP,,0.53,1.14,Y,MP Missed,,,,,,
3207606,MP,,1.38,1.52,Y,,,,,,,
3207606,MP,,5.26,5.3,Y,,,,,,,
3207606,BM,Person,5.31,6.01,Y,,,,,,,
3207606,BM,Person,6.1,8.41,Y,,,,,,,
3207606,BM,Person,8.49,10.22,Y,,,,,,,
3207606,BM,Person,10.26,11.42,Y,,,,,,,
3207606,BM,Person,12.17,12.25,Y,,,,,,,
3207606,MP,,12.43,12.51,Y,,,,,,,
3207606,BM,Person,12.59,13.07,Y,,,,,,,
3207606,LS,,17.31,17.4,Y,,,,,,,
3207606,BM,Person,17.56,18.04,Y,,,,,,,
3207606,BM,Person,18.37,18.39,Y,LT4S,,,,,,
,,,,,,,,,,,,
3216032,BM,Person,53.29,53.37,Y,,Missed MP,,,,,
3216032,BM,Person,58.44,58.47,Y,,,,,,,
3216032,MP,,58.49,58.53,Y,,,,129,,,
,,,,,,,,,,,,
3217192,LS,,21.51,22,Y,,Missed MP,,,,,
3217192,MP,,22.03,22.42,Y,,,,,,,
3217192,BM,Person,22.43,22.53,Y,,,,,,,
3217192,MP,,22.54,23.03,Y,,,,,,,
,,,,,,,,,,,,
3211009,MP,,0,0.06,Y,,,,,,,
3211009,MP,,0.08,0.13,Y,,,,,,,
3211009,LS,,0.16,0.2,Y,,,,,,,
3211009,LS,,0.33,0.39,Y,,,,,,,
3211009,MP,,0.49,0.52,Y,,,,,,,
3211009,MP,,0.56,1.22,Y,,,,,,,
3211009,Imposter,,1.23,2.02,Y,,,,,,,
3211009,MP,,1.48,2,Y,,,,,,,
3211009,MP,,2.18,2.25,Y,,,,,,,
3211009,MP,,47.26,47.37,Y,,,,,,,
3211009,BM,Person,47.38,47.4,Y,LT4S,,,,,,
,,,,,,,,,,,,
3221542,LS,,1.21,1.25,Y,,Missed MP,,,,,
3221542,LS,,1.27,1.44,Y,,,,,,,
3221542,BM,Person,28.14,28.24,Y,,,,,,,
3221542,BM,Person,28.36,28.4,Y,BMDI,,,,,,
3221542,MP,,30.51,31.06,Y,,,,,,,
3221542,BM,Person,32.17,32.22,Y,,,,,,,
3221542,MP,,34.01,34.08,Y,,,,,,,
3221542,BM,Person,34.09,34.14,Y,,,,,,,
3221542,MP,,34.41,35.5,Y,,,,,,,
,,,,,,,,,,,,
3218720,Left screen,,129.18,129.3,Y,,Missed LS,,,,,
3218720,LS,,129.31,129.37,Y,,,,,,,
,,,,,,,,,,,,
3219899,MP,,1.17,3.45,Y,,Missed LS,,,,,
3219899,BM,Person,3.46,4.04,Y,,,,,,,
3219899,BM,Person,4.26,4.43,Y,,,,,,,
3219899,Left screen,,4.39,5.17,Y,,,,,,,
3219899,LS,,5.18,5.2,Y,LT4S,,,,,,
3219899,Left screen,,5.21,5.25,Y,,,,,,,
3219899,LS,,5.26,11.02,Y,,,,,,,
,,,,,,,,,,,,
3176469,BM,Person,5.16,5.32,Y,,Missed MP,,,,,
3176469,BM,Person,6.34,7.03,Y,,,,,,,
3176469,LS,,7.05,7.09,Y,,,,,,,
3176469,BM,Person,8.31,8.49,Y,,,,,,,
3176469,MP,,8.5,9.16,Y,,,,,,,
,,,,,,,,,,,,
3176495,MP,,0,0.02,Y,LT4S,Missed MP,,,,,
3176495,BM,Person,0.03,0.47,Y,,,,,,,
3176495,BM,Person,0.49,0.54,Y,,,,,,,
3176495,BM,Person,1.11,2.01,Y,,,,,,,
3176495,MP,,2.02,2.1,Y,,,,,,,
3176495,BM,Person,2.11,2.28,Y,,,,,,,
3176495,BM,Person,2.29,2.34,Y,,,,,,,
3176495,MP,,2.35,2.38,Y,,,,,,,
3176495,BM,Person,2.39,3.03,Y,,,,,,,
3176495,MP,,3.04,3.58,Y,,,,,,,
3176495,BM,Person,3.45,3.47,Y,LT4S,,,,,,
3176495,BM,Person,3.55,3.57,Y,,,,,,,
3176495,MP,,3.59,4.23,Y,,,,,,,
3176495,BM,Person,4.03,4.05,Y,LT4S,,,,,,
3176495,BM,Person,4.24,4.3,Y,,,,,,,
3176495,MP,,4.31,4.45,Y,,,,,,,
3176495,BM,Person,4.46,5.18,Y,,,,,,,
3176495,MP,,5.19,5.23,Y,,,,,,,
3176495,BM,Person,5.24,5.48,Y,,,,,,,
3176495,MP,,5.49,6.05,Y,,,,,,,
3176495,MP,,6.18,6.23,Y,,,,,,,
3176495,BM,Person,6.52,6.58,Y,,,,,,,
3176495,LS,,7.19,7.26,Y,,,,,,,
,,,,,,,,,,,,
3179285,LS,,32.45,40.02,Y,,Missed LS,,,,,
,,,,,,,,,,,,
3179923,LS,,32.09,32.34,Y,,Missed Imposter,,,,,
3179923,LS,,32.48,32.58,Y,,,,,,,
3179923,Imposter,,33.05,33.07,Y,LT4S,,,,,,
3179923,LS,,104.24,105.01,Y,,,,,,,
3179923,LS,,117.2,118.25,Y,,,,,,,
,,,,,,,,,,,,
3176526,Left screen,,46.58,47.02,Y,,Missed LS,,,,,
3176526,LS,,47.03,47.16,Y,,,,,,,
,,,,,,,,,,,,
3183150,LS,,6.1,6.13,Y,LT4S,Missed LS,,,,,
3183150,LS,,6.52,7.23,Y,,,,,,,
3183150,LS,,34.55,35.13,Y,,,,,,,
3183150,LS,,35.18,35.25,Y,,,,,,,
3183150,LS,,35.28,35.36,Y,,,,,,,
,,,,,,,,,,,,
3185726,LS,,0.3,0.4,Y,,Missed LS,,,,,
3185726,LS,,60.26,60.29,Y,LT4S,,,,,,
,,,,,,,,,,,,
3185087,LS,,1.29,2.04,Y,,Missed LS,,,,,
3185087,LS,,89.25,99.52,Y,,,,,,,